,Married,Dependents,Education,Loan_Amount_Term,Credit_History,Property_Area,Loan_Status,LoanAmount_log,Total_income_log
0,No,0,Graduate,360.0,1.0,Urban,Y,2.1072099696478683,3.7670816213633223
1,Yes,1,Graduate,360.0,1.0,Rural,N,2.1072099696478683,3.7846885995014214
2,Yes,0,Graduate,360.0,1.0,Urban,Y,1.8195439355418688,3.4771212547196626
3,Yes,0,Not Graduate,360.0,1.0,Urban,Y,2.0791812460476247,3.6938148538894167
4,No,0,Graduate,360.0,1.0,Urban,Y,2.1492191126553797,3.7781512503836434
5,Yes,2,Graduate,360.0,1.0,Urban,Y,2.4265112613645754,3.9828589423120753
6,Yes,0,Not Graduate,360.0,1.0,Urban,Y,1.9777236052888478,3.585347911094591
7,Yes,3+,Graduate,360.0,0.0,Semiurban,N,2.1986570869544226,3.74350976472843
8,Yes,2,Graduate,360.0,1.0,Urban,Y,2.225309281725863,3.742882171437273
9,Yes,1,Graduate,360.0,1.0,Semiurban,N,2.5428254269591797,4.376741155018397
10,Yes,2,Graduate,360.0,1.0,Urban,Y,1.845098040014257,3.591064607026499
11,Yes,2,Graduate,360.0,1.0,Urban,Y,2.037426497940624,3.637489729512511
12,Yes,2,Graduate,360.0,1.0,Urban,Y,2.3010299956639813,4.0484029561527395
13,No,0,Graduate,360.0,1.0,Rural,N,2.0569048513364727,3.6714505542124947
14,Yes,2,Graduate,120.0,1.0,Urban,Y,1.2304489213782739,3.3774883833761327
15,No,0,Graduate,360.0,1.0,Urban,Y,2.0969100130080562,3.694605198933569
16,No,1,Not Graduate,240.0,1.0,Urban,Y,2.0,3.5558196830611912
17,No,0,Graduate,360.0,0.0,Urban,N,1.8808135922807914,3.545307116465824
18,Yes,0,Not Graduate,360.0,1.0,Rural,N,2.123851640967086,3.689042339028172
19,Yes,0,Graduate,360.0,1.0,Urban,Y,2.060697840353612,3.785329835010767
20,Yes,0,Not Graduate,360.0,0.0,Urban,N,2.0170333392987803,3.884228769632604
21,Yes,1,Graduate,360.0,1.0,Urban,Y,2.4983105537896004,4.063708559391418
22,Yes,0,Not Graduate,360.0,0.0,Semiurban,N,2.0644579892269186,3.6542728270977105
23,Yes,2,Not Graduate,360.0,0.0,Rural,N,2.0492180226701815,3.722798396870905
24,Yes,1,Graduate,360.0,1.0,Semiurban,N,2.1789769472931693,3.8222988712623662
25,Yes,0,Graduate,360.0,1.0,Semiurban,Y,2.2810333672477277,3.9804578922761
26,Yes,0,Graduate,360.0,1.0,Semiurban,Y,2.0863598306747484,3.703463341883293
27,Yes,2,Not Graduate,360.0,1.0,Urban,Y,2.041392685158225,3.7214808547700495
28,No,0,Not Graduate,360.0,1.0,Urban,N,1.5440680443502757,3.15896526038341
29,No,2,Graduate,360.0,1.0,Semiurban,Y,2.0791812460476247,3.7658919764300154
30,Yes,1,Graduate,360.0,1.0,Urban,N,2.303196057420489,3.877083256650651
31,No,0,Graduate,360.0,1.0,Urban,N,1.8692317197309762,3.500648063371912
32,No,1,Graduate,360.0,1.0,Rural,N,2.0253058652647704,3.671358003443492
33,Yes,0,Graduate,360.0,1.0,Semiurban,Y,2.0569048513364727,3.7132384615456617
34,No,3+,Graduate,360.0,1.0,Rural,N,2.505149978319906,4.190331698170292
35,Yes,0,Graduate,360.0,1.0,Urban,Y,2.1072099696478683,3.637689819118401
36,Yes,0,Graduate,360.0,0.0,Urban,N,2.0,3.499412125672275
37,Yes,0,Graduate,360.0,1.0,Semiurban,Y,2.1583624920952498,3.709778601848225
38,No,0,Graduate,360.0,1.0,Urban,Y,2.2648178230095364,4.055989583385691
39,No,0,Not Graduate,360.0,1.0,Semiurban,Y,2.041392685158225,3.733678655677088
40,No,0,Graduate,360.0,1.0,Urban,N,1.9030899869919435,3.5563025007672873
41,No,0,Graduate,360.0,1.0,Urban,Y,1.6720978579357175,3.478999131673357
42,Yes,0,Graduate,360.0,1.0,Urban,Y,1.8750612633917,3.380211241711606
43,Yes,0,Graduate,360.0,1.0,Semiurban,Y,2.1271047983648077,3.7977521286507105
44,Yes,0,Not Graduate,360.0,1.0,Urban,Y,1.9822712330395684,3.6716355966021297
45,No,0,Graduate,360.0,1.0,Urban,Y,1.9444826721501687,3.5327543789924976
46,Yes,1,Graduate,360.0,1.0,Urban,Y,1.6434526764861874,3.751971574736327
47,Yes,0,Graduate,360.0,1.0,Urban,Y,2.1583624920952498,3.7649975992848805
48,Yes,0,Graduate,360.0,0.0,Urban,N,2.0791812460476247,3.784260582566084
49,No,0,Graduate,360.0,1.0,Semiurban,Y,2.1583624920952498,3.797613730153076
50,Yes,0,Not Graduate,360.0,1.0,Semiurban,Y,2.0,3.552911450216509
51,No,0,Graduate,360.0,1.0,Semiurban,Y,2.0791812460476247,3.4893959217271293
52,No,0,Graduate,360.0,1.0,Semiurban,N,2.0492180226701815,3.6263403673750423
53,Yes,2,Graduate,360.0,1.0,Urban,N,2.1271047983648077,3.664265800147675
54,Yes,1,Graduate,360.0,0.0,Urban,N,2.456366033129043,4.060697840353612
55,Yes,2,Graduate,360.0,1.0,Semiurban,Y,1.9867717342662448,3.588271706842329
56,Yes,0,Graduate,360.0,1.0,Semiurban,Y,1.9822712330395684,3.570893036218392
57,Yes,0,Graduate,360.0,1.0,Rural,N,2.130333768495006,3.745543201998024
58,Yes,1,Graduate,360.0,1.0,Urban,Y,2.255272505103306,4.014100321519621
59,Yes,2,Not Graduate,360.0,1.0,Urban,Y,2.1583624920952498,3.793511005792858
60,Yes,0,Graduate,360.0,1.0,Urban,Y,2.0791812460476247,3.799064719351008
61,Yes,3+,Graduate,360.0,1.0,Urban,Y,1.99563519459755,3.481299273332856
62,Yes,0,Not Graduate,180.0,0.0,Rural,N,2.2174839442139063,3.782329268996837
63,Yes,1,Graduate,360.0,0.0,Rural,N,2.1072099696478683,3.694166295933198
64,No,0,Graduate,360.0,0.0,Semiurban,N,2.0644579892269186,3.619719265611727
65,Yes,0,Graduate,360.0,1.0,Semiurban,N,2.41161970596323,4.013721778051063
66,No,0,Not Graduate,180.0,0.0,Urban,N,2.100370545117563,3.7367151336056112
67,Yes,1,Graduate,360.0,1.0,Urban,Y,2.494154594018443,4.031408464251625
68,Yes,3+,Not Graduate,60.0,1.0,Urban,Y,2.0969100130080562,3.8512583487190755
69,No,0,Graduate,360.0,0.0,Semiurban,N,2.1335389083702174,3.6334684555795866
70,Yes,0,Graduate,360.0,1.0,Urban,Y,2.2355284469075487,3.7975445143617264
71,Yes,2,Not Graduate,360.0,1.0,Semiurban,Y,1.9867717342662448,3.574031267727719
72,No,0,Graduate,300.0,1.0,Semiurban,Y,1.9084850188786497,3.5440680443502757
73,Yes,3+,Not Graduate,360.0,0.0,Semiurban,N,1.9777236052888478,3.6771505212734326
74,Yes,3+,Graduate,360.0,1.0,Semiurban,Y,2.271841606536499,3.847572659142112
75,No,0,Graduate,480.0,1.0,Urban,N,2.0530784434834195,3.574031267727719
76,No,0,Graduate,360.0,1.0,Urban,N,2.24551266781415,3.929418925714293
77,Yes,1,Graduate,360.0,1.0,Urban,N,2.041392685158225,3.6044420662607233
78,Yes,3+,Graduate,300.0,0.0,Semiurban,N,2.255272505103306,3.8553374044695405
79,Yes,3+,Not Graduate,360.0,1.0,Semiurban,Y,2.113943352306837,3.7402837196818792
80,No,0,Graduate,360.0,1.0,Semiurban,Y,2.0453229787866576,3.585009279902461
81,Yes,1,Graduate,360.0,1.0,Semiurban,Y,2.1072099696478683,3.379305517750582
82,Yes,2,Graduate,360.0,1.0,Urban,N,2.2227164711475833,3.513084360465144
83,Yes,0,Graduate,360.0,1.0,Semiurban,N,2.423245873936808,3.916453948549925
84,Yes,1,Graduate,240.0,1.0,Urban,Y,1.6989700043360187,3.600755149639618
85,No,0,Graduate,360.0,1.0,Semiurban,Y,2.1335389083702174,3.689930104018218
86,Yes,2,Not Graduate,360.0,1.0,Semiurban,Y,1.99563519459755,3.7269715836828765
87,Yes,0,Graduate,360.0,1.0,Semiurban,Y,2.0170333392987803,3.6644539285811577
88,No,0,Graduate,360.0,1.0,Urban,Y,2.322219294733919,3.9327780700605506
89,Yes,0,Graduate,360.0,1.0,Semiurban,Y,2.2430380486862944,3.993964998195119
90,Yes,0,Graduate,360.0,1.0,Semiurban,Y,2.1172712956557644,3.76774936734558
91,Yes,2,Graduate,180.0,1.0,Semiurban,Y,2.27415784926368,4.075692918201804
92,Yes,2,Not Graduate,360.0,1.0,Urban,Y,1.9084850188786497,3.7069736761761782
93,No,0,Graduate,360.0,1.0,Semiurban,Y,2.0863598306747484,3.616265405281708
94,No,0,Not Graduate,120.0,1.0,Semiurban,Y,1.3979400086720377,3.558708570533166
95,No,0,Graduate,360.0,1.0,Urban,N,2.1072099696478683,3.8313577854420675
96,Yes,0,Graduate,360.0,1.0,Semiurban,Y,2.1367205671564067,3.6799726942774185
97,Yes,0,Graduate,360.0,1.0,Semiurban,Y,1.6989700043360187,3.4733409641859354
98,Yes,0,Not Graduate,180.0,1.0,Semiurban,Y,2.060697840353612,3.622006673006805
99,Yes,0,Graduate,360.0,1.0,Semiurban,Y,2.1172712956557644,3.724275869600789
100,Yes,2,Not Graduate,180.0,1.0,Urban,Y,2.123851640967086,3.878004470268025
101,No,0,Graduate,360.0,1.0,Semiurban,Y,2.1789769472931693,3.93696589710787
102,Yes,0,Graduate,360.0,1.0,Urban,Y,2.1072099696478683,4.135132651376775
103,Yes,0,Graduate,360.0,1.0,Semiurban,Y,2.1072099696478683,3.9156636035057732
104,No,0,Graduate,360.0,1.0,Urban,Y,2.2041199826559246,3.6599162000698504
105,Yes,1,Graduate,360.0,1.0,Urban,Y,2.0,3.6108730003800518
106,Yes,2,Graduate,360.0,1.0,Urban,Y,2.3521825181113627,4.0984014222700775
107,No,0,Not Graduate,360.0,1.0,Rural,N,2.0791812460476247,3.8652816849956104
108,Yes,2,Graduate,360.0,0.0,Urban,N,2.3344537511509307,3.8692317197309762
109,Yes,3+,Not Graduate,480.0,1.0,Semiurban,Y,1.9731278535996986,3.4510184521554574
110,No,0,Graduate,360.0,1.0,Urban,Y,2.1335389083702174,3.725584972270694
111,Yes,0,Graduate,360.0,1.0,Semiurban,Y,2.143014800254095,3.721150843749684
112,Yes,0,Not Graduate,360.0,0.0,Rural,N,2.1818435879447726,3.88570038012833
113,No,1,Graduate,360.0,1.0,Semiurban,Y,2.1072099696478683,3.8722145633975855
114,No,0,Graduate,360.0,1.0,Semiurban,Y,2.0718820073061255,3.7032913781186614
115,Yes,1,Graduate,180.0,1.0,Rural,Y,2.2671717284030137,4.163846875794205
116,Yes,0,Graduate,360.0,1.0,Semiurban,Y,2.187520720836463,3.7363965022766426
117,Yes,1,Graduate,360.0,1.0,Urban,Y,1.9294189257142926,3.5577477416414682
118,Yes,0,Graduate,360.0,1.0,Rural,N,2.2430380486862944,3.8870543780509568
119,No,0,Graduate,360.0,1.0,Urban,Y,2.413299764081252,4.01736728355353
120,Yes,0,Graduate,360.0,1.0,Rural,Y,2.255272505103306,3.9208534961212593
121,No,0,Graduate,360.0,1.0,Semiurban,Y,1.6434526764861874,3.619719265611727
122,No,0,Graduate,360.0,0.0,Semiurban,Y,2.1367205671564067,4.045987605660968
123,Yes,2,Graduate,360.0,1.0,Semiurban,Y,1.9084850188786497,3.4708513245261177
124,Yes,0,Not Graduate,360.0,1.0,Rural,Y,2.287801729930226,3.8003045775561985
125,No,0,Graduate,360.0,1.0,Rural,Y,1.968482948553935,3.5672616923538745
126,Yes,3+,Graduate,360.0,1.0,Rural,Y,2.568201724066995,4.376631696608533
127,No,0,Graduate,360.0,1.0,Rural,Y,2.1072099696478683,3.7407573233077707
128,Yes,1,Graduate,180.0,0.0,Urban,N,2.2041199826559246,4.1572451604751945
129,Yes,0,Graduate,360.0,1.0,Rural,N,2.2600713879850747,3.93696589710787
130,No,0,Graduate,480.0,1.0,Urban,Y,2.8129133566428557,4.304619762853121
131,No,0,Graduate,360.0,1.0,Urban,Y,1.8692317197309762,3.5958267770732233
132,No,0,Graduate,360.0,1.0,Semiurban,Y,1.845098040014257,3.4342494523964757
133,Yes,0,Graduate,120.0,1.0,Semiurban,Y,1.3979400086720377,3.5389505620143615
134,No,0,Graduate,360.0,1.0,Semiurban,Y,2.0086001717619175,3.6897526961391565
135,Yes,3+,Graduate,360.0,1.0,Semiurban,N,2.462397997898956,4.0700378666077555
136,Yes,0,Graduate,360.0,1.0,Rural,N,1.9242792860618816,3.6611498572447867
137,Yes,2,Graduate,360.0,1.0,Urban,Y,1.9444826721501687,3.833529581758644
138,No,0,Graduate,360.0,0.0,Semiurban,N,2.383815365980431,4.176062305125079
139,Yes,2,Not Graduate,360.0,1.0,Rural,N,2.110589710299249,3.7505083948513462
140,Yes,2,Graduate,360.0,1.0,Rural,N,2.2671717284030137,3.8527848686805477
141,No,0,Graduate,360.0,1.0,Urban,Y,2.225309281725863,3.733758835587203
142,No,0,Graduate,180.0,1.0,Semiurban,Y,2.2430380486862944,3.8419848045901137
143,Yes,0,Graduate,360.0,1.0,Semiurban,Y,2.0863598306747484,3.675044735955893
144,Yes,2,Graduate,180.0,1.0,Urban,Y,2.271841606536499,4.070296518197765
145,Yes,0,Graduate,360.0,1.0,Semiurban,Y,2.0,3.833529581758644
146,Yes,2,Graduate,360.0,1.0,Urban,Y,1.845098040014257,4.172194128466931
147,Yes,1,Graduate,360.0,1.0,Urban,Y,1.4771212547196624,3.471731651480051
148,No,0,Graduate,360.0,1.0,Rural,N,2.3521825181113627,4.066921972093997
149,Yes,0,Graduate,360.0,1.0,Semiurban,Y,2.0969100130080562,3.7551122663950713
150,No,0,Graduate,360.0,0.0,Rural,N,2.0718820073061255,3.7977521286507105
151,Yes,0,Graduate,360.0,1.0,Rural,Y,2.1818435879447726,3.801197834459149
152,No,0,Graduate,360.0,1.0,Urban,N,2.387389826338729,3.962179852908768
153,Yes,2,Not Graduate,360.0,1.0,Rural,N,2.0530784434834195,3.3581252852766488
154,No,0,Graduate,360.0,1.0,Urban,Y,1.6989700043360187,3.51241754860084
155,Yes,3+,Graduate,180.0,0.0,Semiurban,Y,2.7781512503836434,4.602049133830196
156,Yes,1,Graduate,360.0,1.0,Rural,Y,2.2041199826559246,3.7781512503836434
157,Yes,1,Graduate,360.0,1.0,Urban,Y,2.271841606536499,3.979457318097848
158,No,0,Graduate,360.0,1.0,Rural,Y,2.0791812460476247,3.704407927386841
159,Yes,0,Graduate,360.0,1.0,Semiurban,Y,2.406540180433955,4.008940661377087
160,Yes,0,Not Graduate,360.0,1.0,Semiurban,Y,1.9912260756924949,3.462996612028056
161,Yes,0,Graduate,360.0,1.0,Urban,N,2.439332693830263,3.8994374542861774
162,Yes,1,Graduate,360.0,0.0,Semiurban,N,2.0827853703164503,3.6403820447095683
163,Yes,2,Graduate,360.0,1.0,Rural,Y,2.1986570869544226,3.7492724082984203
164,Yes,0,Graduate,180.0,1.0,Urban,Y,1.8750612633917,3.9695556842208437
165,Yes,0,Graduate,360.0,1.0,Rural,Y,2.2600713879850747,3.83714634390906
166,Yes,0,Graduate,360.0,1.0,Rural,N,2.0492180226701815,3.6611498572447867
167,Yes,0,Graduate,360.0,1.0,Rural,Y,2.110589710299249,3.7613263224214566
168,No,0,Graduate,480.0,0.0,Semiurban,N,1.7993405494535817,3.34966598409663
169,Yes,2,Graduate,360.0,1.0,Semiurban,Y,2.3010299956639813,3.9030899869919438
170,Yes,0,Not Graduate,360.0,1.0,Rural,Y,1.9777236052888478,3.5549734583332397
171,Yes,3+,Graduate,300.0,1.0,Urban,Y,2.845098040014257,4.7140194385588226
172,Yes,3+,Not Graduate,180.0,1.0,Rural,N,1.9084850188786497,3.5467893516312583
173,Yes,0,Graduate,360.0,1.0,Semiurban,Y,2.271841606536499,4.0543448887676306
174,Yes,0,Not Graduate,360.0,1.0,Semiurban,N,1.9395192526186185,3.7058637122839193
175,Yes,0,Graduate,360.0,1.0,Rural,Y,2.0644579892269186,3.7372721765355434
176,Yes,2,Graduate,360.0,1.0,Rural,Y,2.0043213737826426,3.563955464995813
177,Yes,3+,Graduate,360.0,0.0,Semiurban,N,2.694605198933569,4.225722698684167
178,Yes,1,Graduate,360.0,1.0,Semiurban,Y,2.0644579892269186,3.574031267727719
179,No,0,Not Graduate,480.0,0.0,Urban,N,2.0086001717619175,3.5779511277297553
180,Yes,1,Graduate,360.0,0.0,Urban,N,2.255272505103306,4.135132651376775
181,No,0,Graduate,360.0,1.0,Rural,N,1.8260748027008264,3.8437931983259124
182,Yes,0,Graduate,180.0,1.0,Semiurban,Y,1.863322860120456,3.662757831681574
183,Yes,1,Graduate,360.0,1.0,Semiurban,N,2.4149733479708178,4.5295073501090375
184,Yes,0,Graduate,360.0,1.0,Semiurban,Y,2.03342375548695,3.5593080109070123
185,Yes,0,Graduate,360.0,1.0,Semiurban,Y,2.0791812460476247,4.6424348407896066
186,Yes,1,Graduate,300.0,0.0,Rural,N,1.8195439355418688,3.3380578754197563
187,Yes,0,Graduate,360.0,1.0,Rural,Y,1.7634279935629373,3.655234507034294
188,Yes,0,Graduate,360.0,1.0,Rural,Y,2.225309281725863,3.775974331129369
189,Yes,0,Graduate,180.0,1.0,Rural,Y,2.27415784926368,3.969788537414939
190,No,0,Not Graduate,360.0,1.0,Rural,Y,1.6812412373755872,3.688864568054792
191,No,0,Graduate,360.0,1.0,Semiurban,N,2.214843848047698,4.079181246047625
192,Yes,0,Not Graduate,360.0,1.0,Urban,N,2.2041199826559246,3.780533325316404
193,No,0,Graduate,360.0,1.0,Semiurban,Y,1.8808135922807914,3.586362223307866
194,No,0,Graduate,360.0,1.0,Rural,Y,2.0791812460476247,3.6223176608338443
195,Yes,1,Graduate,360.0,1.0,Semiurban,N,2.230448921378274,3.756483964442609
196,No,0,Graduate,360.0,1.0,Rural,Y,2.271841606536499,4.082174775484666
197,No,0,Not Graduate,360.0,1.0,Urban,Y,2.0791812460476247,3.6306312440205
198,Yes,0,Graduate,360.0,1.0,Semiurban,Y,2.0530784434834195,3.794627444664508
199,No,0,Graduate,360.0,1.0,Urban,N,1.919078092376074,4.041392685158225
200,Yes,1,Not Graduate,360.0,1.0,Semiurban,Y,1.954242509439325,3.7075701760979363
201,No,2,Graduate,360.0,0.0,Semiurban,Y,2.220108088040055,3.6922298357727557
202,Yes,3+,Not Graduate,180.0,1.0,Urban,N,2.1072099696478683,3.6011905326153335
203,Yes,1,Not Graduate,360.0,1.0,Urban,Y,2.130333768495006,3.6611498572447867
204,Yes,2,Not Graduate,360.0,1.0,Semiurban,Y,2.093421685162235,3.592953571547866
205,No,0,Not Graduate,360.0,1.0,Semiurban,Y,2.0791812460476247,3.6442415858437287
206,No,0,Graduate,360.0,1.0,Urban,Y,1.9030899869919435,3.5110808455391185
207,No,0,Not Graduate,360.0,1.0,Rural,Y,1.7403626894942439,3.813314058945835
208,No,0,Graduate,360.0,1.0,Urban,Y,1.7708520116421442,3.3942765267678214
209,No,0,Graduate,360.0,1.0,Semiurban,N,2.103803720955957,3.533772058384718
210,No,0,Graduate,360.0,1.0,Semiurban,N,2.330413773349191,4.0
211,Yes,3+,Graduate,360.0,0.0,Semiurban,N,2.1072099696478683,3.670245853074124
212,Yes,1,Graduate,360.0,1.0,Urban,Y,2.380211241711606,3.891370174696148
213,Yes,3+,Not Graduate,360.0,1.0,Rural,Y,2.113943352306837,3.7561033715851058
214,Yes,0,Graduate,360.0,1.0,Urban,Y,2.1367205671564067,3.791971201020768
215,Yes,3+,Not Graduate,360.0,1.0,Semiurban,Y,2.0,3.6842167951388807
216,Yes,0,Graduate,360.0,1.0,Rural,N,2.130333768495006,3.290034611362518
217,Yes,0,Graduate,360.0,1.0,Semiurban,Y,2.1172712956557644,3.7405205860536648
218,Yes,2,Graduate,360.0,0.0,Semiurban,N,1.8573324964312685,3.6989700043360187
219,Yes,2,Graduate,360.0,1.0,Semiurban,Y,2.103803720955957,3.8238653093245114
220,Yes,0,Graduate,360.0,0.0,Urban,N,1.7781512503836436,3.346548558548474
221,Yes,2,Graduate,360.0,1.0,Semiurban,Y,2.0644579892269186,3.75785134368558
222,No,0,Graduate,360.0,1.0,Semiurban,Y,2.1583624920952498,3.7605732539443943
223,Yes,0,Graduate,360.0,1.0,Semiurban,Y,2.2430380486862944,3.933892035764211
224,Yes,0,Graduate,360.0,1.0,Semiurban,Y,2.1072099696478683,3.7958800173440754
225,Yes,0,Graduate,360.0,1.0,Rural,N,2.230448921378274,3.5118833609788744
226,Yes,0,Not Graduate,360.0,1.0,Urban,N,2.1398790864012365,3.675319983339292
227,Yes,2,Graduate,360.0,1.0,Semiurban,Y,2.322219294733919,3.900093901543398
228,No,0,Graduate,480.0,1.0,Semiurban,Y,2.1986570869544226,3.6774244377012475
229,No,0,Graduate,360.0,1.0,Rural,Y,2.3010299956639813,3.806179973983887
230,Yes,1,Graduate,360.0,1.0,Semiurban,Y,2.0170333392987803,3.657533887557986
231,Yes,0,Graduate,180.0,1.0,Rural,Y,1.6232492903979006,3.5700757053216043
232,No,0,Not Graduate,360.0,1.0,Rural,Y,2.0791812460476247,3.762453482363547
233,No,0,Graduate,360.0,1.0,Semiurban,Y,2.4471580313422194,3.920801381825654
234,Yes,1,Graduate,360.0,1.0,Semiurban,Y,2.146128035678238,3.6931991451537174
235,Yes,1,Graduate,360.0,1.0,Rural,Y,2.230448921378274,3.829946695941636
236,Yes,0,Graduate,360.0,1.0,Urban,N,2.406540180433955,3.759365621655929
237,No,0,Graduate,360.0,1.0,Urban,Y,2.0863598306747484,3.539452491549461
238,No,1,Graduate,360.0,1.0,Rural,Y,2.0492180226701815,3.5811528919662887
239,Yes,1,Graduate,360.0,1.0,Semiurban,Y,1.9822712330395684,3.520483532740792
240,Yes,2,Graduate,360.0,1.0,Rural,Y,2.0791812460476247,4.034187120793453
241,Yes,1,Not Graduate,180.0,1.0,Urban,N,2.146128035678238,3.6525364185930256
242,No,0,Graduate,60.0,1.0,Urban,Y,2.1903316981702914,3.937818684698356
243,Yes,2,Graduate,360.0,1.0,Rural,Y,2.03342375548695,3.8779469516291885
244,Yes,0,Not Graduate,360.0,1.0,Semiurban,Y,2.089905111439398,3.8933733302460247
245,No,0,Graduate,180.0,1.0,Urban,N,2.0791812460476247,4.01632285401379
246,Yes,2,Graduate,360.0,1.0,Urban,Y,2.0492180226701815,3.986906031380721
247,Yes,1,Not Graduate,180.0,1.0,Urban,Y,2.1367205671564067,3.8200700343123257
248,Yes,1,Graduate,480.0,1.0,Semiurban,Y,2.089905111439398,3.674401812845282
249,Yes,0,Graduate,360.0,1.0,Urban,Y,1.954242509439325,3.5654936298688624
250,Yes,0,Not Graduate,360.0,0.0,Semiurban,N,2.303196057420489,3.744918542441353
251,No,2,Graduate,360.0,1.0,Urban,N,2.1398790864012365,3.534914104429867
252,No,0,Not Graduate,360.0,1.0,Rural,Y,2.0170333392987803,3.6766936096248664
253,Yes,1,Not Graduate,180.0,1.0,Semiurban,Y,2.4456042032735974,3.9895388033205026
254,No,0,Graduate,360.0,0.0,Urban,N,2.2833012287035497,4.210853365314893
255,No,3+,Graduate,360.0,1.0,Rural,Y,2.406540180433955,3.488973524726508
256,No,0,Not Graduate,360.0,0.0,Rural,N,2.060697840353612,3.7813963051967905
257,Yes,3+,Graduate,360.0,1.0,Urban,N,1.9731278535996986,3.720159303405957
258,Yes,0,Graduate,360.0,1.0,Rural,N,2.482873583608754,4.224869594573257
259,Yes,3+,Not Graduate,360.0,1.0,Semiurban,N,2.1072099696478683,3.692935002531138
260,Yes,1,Graduate,360.0,1.0,Urban,Y,2.5185139398778875,4.01422642938923
261,No,0,Graduate,360.0,1.0,Semiurban,Y,2.1271047983648077,3.6303261548039467
262,No,1,Graduate,36.0,1.0,Semiurban,N,2.1903316981702914,3.5417040232842885
263,No,0,Graduate,360.0,1.0,Rural,Y,2.0791812460476247,3.8573324964312685
264,No,0,Graduate,360.0,1.0,Semiurban,Y,2.1072099696478683,3.7131544018372984
265,No,0,Graduate,360.0,1.0,Rural,Y,2.1789769472931693,3.8774865280696016
266,Yes,2,Graduate,360.0,1.0,Semiurban,Y,2.1760912590556813,3.7849737099544005
267,Yes,3+,Graduate,360.0,0.0,Urban,Y,2.2041199826559246,3.7884512070234555
268,No,0,Graduate,360.0,1.0,Rural,N,2.130333768495006,3.533772058384718
269,No,1,Graduate,360.0,1.0,Urban,Y,1.954242509439325,3.6469915374771222
270,No,0,Graduate,360.0,1.0,Urban,Y,1.4771212547196624,3.5101426994025733
271,Yes,0,Graduate,360.0,1.0,Urban,Y,2.1335389083702174,4.047119038720181
272,No,0,Graduate,360.0,1.0,Rural,Y,2.100370545117563,3.6711728427150834
273,Yes,0,Graduate,360.0,1.0,Semiurban,Y,2.1760912590556813,3.6851144690465394
274,Yes,2,Graduate,360.0,1.0,Semiurban,Y,1.954242509439325,3.591064607026499
275,Yes,1,Graduate,360.0,1.0,Semiurban,Y,2.060697840353612,3.662001879389917
276,Yes,0,Graduate,360.0,1.0,Semiurban,Y,2.315970345456918,3.86135516019326
277,Yes,0,Graduate,360.0,1.0,Urban,Y,1.9030899869919435,3.6437486854595256
278,Yes,0,Graduate,360.0,1.0,Semiurban,Y,2.639486489268586,4.163846875794205
279,Yes,0,Not Graduate,360.0,1.0,Rural,Y,2.093421685162235,3.6127838567197355
280,No,1,Not Graduate,360.0,0.0,Urban,N,2.1986570869544226,3.811507979945327
281,Yes,0,Graduate,360.0,1.0,Semiurban,Y,2.0492180226701815,3.6745856023029138
282,Yes,2,Graduate,180.0,1.0,Urban,Y,1.8920946026904804,3.5167732766895647
283,No,0,Graduate,360.0,1.0,Urban,Y,1.7323937598229686,3.5412046906832586
284,Yes,0,Graduate,360.0,1.0,Rural,N,2.1072099696478683,4.31527743947181
285,No,0,Graduate,360.0,1.0,Rural,Y,1.9493900066449128,3.793161529245551
286,No,0,Graduate,300.0,1.0,Semiurban,N,1.99563519459755,3.635182048656268
287,Yes,0,Graduate,360.0,1.0,Rural,Y,2.0791812460476247,3.756179516843809
288,No,0,Graduate,360.0,1.0,Semiurban,Y,2.060697840353612,3.6153186566114788
289,No,0,Graduate,360.0,1.0,Rural,Y,2.271841606536499,3.9780891730561425
290,Yes,0,Graduate,360.0,1.0,Rural,Y,2.143014800254095,3.7396514437093766
291,Yes,2,Graduate,360.0,0.0,Semiurban,N,2.103803720955957,3.6434526764861874
292,Yes,2,Graduate,360.0,1.0,Urban,Y,2.1271047983648077,3.6732974397596356
293,No,0,Graduate,480.0,0.0,Urban,N,2.155336037465062,3.733758835587203
294,Yes,0,Graduate,360.0,1.0,Semiurban,Y,2.2355284469075487,3.7571681922142726
295,Yes,3+,Graduate,360.0,1.0,Urban,Y,2.041392685158225,3.7532765701844184
296,Yes,1,Graduate,360.0,1.0,Semiurban,Y,2.3010299956639813,3.8372727025023003
297,Yes,1,Graduate,360.0,1.0,Urban,Y,2.130333768495006,3.668944734457734
298,No,0,Graduate,480.0,1.0,Rural,N,2.1789769472931693,3.87742894078822
299,Yes,1,Graduate,360.0,1.0,Urban,N,2.0530784434834195,3.693639026161548
300,Yes,0,Not Graduate,360.0,0.0,Urban,N,1.968482948553935,3.675228253593064
301,Yes,0,Not Graduate,360.0,1.0,Semiurban,Y,2.0211892990699383,3.6651117370750512
302,No,0,Graduate,360.0,1.0,Rural,Y,2.12057393120585,3.6989700043360187
303,Yes,1,Graduate,360.0,1.0,Urban,Y,1.9822712330395684,3.5350408132511606
304,No,0,Graduate,360.0,1.0,Rural,Y,2.146128035678238,3.8129133566428557
305,No,0,Not Graduate,360.0,1.0,Urban,N,2.1072099696478683,3.3010299956639813
306,No,0,Graduate,360.0,1.0,Rural,Y,2.130333768495006,3.7346398389876994
307,No,0,Graduate,360.0,0.0,Urban,N,2.0170333392987803,3.629715332647132
308,No,0,Graduate,360.0,1.0,Rural,N,2.681241237375587,4.3060602815276
309,Yes,2,Not Graduate,360.0,1.0,Rural,Y,2.2671717284030137,3.8846254632562345
310,No,0,Graduate,360.0,1.0,Semiurban,Y,1.9242792860618816,3.4649364291217326
311,No,0,Not Graduate,360.0,1.0,Semiurban,Y,2.0453229787866576,3.726890140741822
312,No,0,Graduate,360.0,1.0,Rural,Y,1.7481880270062005,3.3991543339582164
313,Yes,2,Graduate,84.0,1.0,Rural,Y,2.1583624920952498,3.759365621655929
314,Yes,0,Graduate,360.0,1.0,Rural,N,2.2013971243204513,3.635081436010873
315,Yes,1,Not Graduate,180.0,1.0,Urban,Y,2.0453229787866576,3.7023443583557687
316,Yes,2,Graduate,360.0,1.0,Semiurban,Y,2.0791812460476247,3.570192561095726
317,Yes,0,Graduate,360.0,1.0,Urban,Y,1.9444826721501687,3.6224212739756703
318,No,1,Graduate,360.0,1.0,Semiurban,Y,2.0492180226701815,3.5491259267581112
319,Yes,1,Graduate,360.0,1.0,Rural,N,2.1903316981702914,4.0
320,Yes,0,Graduate,360.0,1.0,Semiurban,Y,2.060697840353612,3.6596310116070008
321,Yes,3+,Graduate,360.0,1.0,Semiurban,Y,2.093421685162235,3.656194062179186
322,Yes,2,Not Graduate,360.0,1.0,Rural,Y,2.1072099696478683,3.7152510288788494
323,No,0,Graduate,360.0,1.0,Rural,Y,2.12057393120585,3.788945727023748
324,Yes,3+,Graduate,360.0,1.0,Rural,Y,2.4771212547196626,4.176091259055681
325,Yes,1,Graduate,360.0,0.0,Rural,N,2.575187844927661,4.13510083376572
326,No,0,Graduate,360.0,0.0,Rural,Y,2.113943352306837,3.6917002082901615
327,Yes,0,Graduate,360.0,1.0,Semiurban,Y,2.2648178230095364,3.901894031973821
328,Yes,0,Graduate,360.0,1.0,Urban,N,2.041392685158225,3.8314858392486575
329,No,0,Graduate,360.0,1.0,Urban,Y,1.8260748027008264,3.3979400086720375
330,No,1,Graduate,360.0,1.0,Urban,Y,2.0681858617461617,3.7907776013376937
331,No,0,Graduate,360.0,1.0,Semiurban,Y,1.9912260756924949,3.467608105583633
332,No,0,Graduate,360.0,1.0,Urban,Y,1.8512583487190752,3.452246574520437
333,Yes,0,Graduate,180.0,1.0,Urban,Y,2.690196080028514,4.801657488870102
334,Yes,1,Graduate,180.0,1.0,Urban,Y,2.2600713879850747,4.066921972093997
335,Yes,0,Graduate,360.0,1.0,Semiurban,Y,1.845098040014257,3.999695887410839
336,Yes,1,Graduate,360.0,1.0,Rural,Y,2.2041199826559246,3.7736401932600256
337,Yes,2,Graduate,360.0,1.0,Rural,Y,2.24551266781415,3.8512583487190755
338,No,3+,Not Graduate,360.0,0.0,Urban,N,2.1072099696478683,3.2624510897304293
339,No,0,Graduate,360.0,1.0,Semiurban,Y,1.8512583487190752,3.6190933306267428
340,Yes,3+,Not Graduate,360.0,1.0,Rural,N,2.2380461031287955,3.6267508536833932
341,No,0,Graduate,360.0,1.0,Rural,N,1.662757831681574,3.376211850282673
342,Yes,1,Not Graduate,360.0,1.0,Urban,Y,2.1986570869544226,3.7621531923035945
343,Yes,3+,Not Graduate,360.0,1.0,Semiurban,Y,1.8692317197309762,3.501470072100412
344,Yes,2,Graduate,360.0,1.0,Rural,Y,2.0969100130080562,3.691346764134822
345,Yes,0,Graduate,360.0,1.0,Semiurban,Y,2.2041199826559246,3.6952189189051508
346,Yes,0,Not Graduate,360.0,0.0,Rural,N,2.1818435879447726,3.8294967497201826
347,Yes,2,Not Graduate,360.0,1.0,Urban,Y,2.100370545117563,3.720242018287057
348,Yes,0,Graduate,360.0,1.0,Semiurban,Y,2.413299764081252,4.038063526997859
349,Yes,0,Graduate,360.0,1.0,Rural,Y,2.271841606536499,3.9481683617271317
350,Yes,0,Graduate,360.0,1.0,Semiurban,Y,2.357934847000454,3.958229314188382
351,No,0,Graduate,360.0,1.0,Rural,N,2.4885507165004443,4.111161659577588
352,Yes,3+,Graduate,360.0,1.0,Rural,Y,1.9777236052888478,3.676602169582018
353,Yes,0,Graduate,360.0,0.0,Rural,N,2.0211892990699383,3.7403626894942437
354,Yes,0,Graduate,360.0,1.0,Semiurban,Y,2.113943352306837,3.4665710723863543
355,No,0,Graduate,180.0,1.0,Urban,Y,2.0644579892269186,3.5812668052736707
356,Yes,2,Graduate,360.0,1.0,Rural,Y,2.2174839442139063,4.060697840353612
357,Yes,1,Graduate,360.0,1.0,Urban,N,1.8260748027008264,3.588271706842329
358,Yes,0,Not Graduate,480.0,0.0,Urban,N,2.0,3.668944734457734
359,Yes,3+,Graduate,360.0,1.0,Semiurban,Y,2.3010299956639813,3.9208534961212593
360,No,1,Graduate,360.0,1.0,Semiurban,N,1.9084850188786497,3.6742179455767
361,Yes,2,Graduate,360.0,1.0,Semiurban,Y,2.3729120029701067,3.9378687965638592
362,Yes,0,Graduate,360.0,1.0,Urban,Y,2.113943352306837,3.8502172417983895
363,Yes,0,Graduate,300.0,1.0,Urban,Y,1.9777236052888478,3.781468142841798
364,No,0,Graduate,360.0,1.0,Rural,Y,2.1492191126553797,3.8339117150713786
365,No,0,Not Graduate,360.0,1.0,Rural,N,2.123851640967086,3.793511005792858
366,No,0,Graduate,480.0,1.0,Semiurban,N,1.9822712330395684,3.3979400086720375
367,No,0,Graduate,360.0,0.0,Rural,N,2.093421685162235,3.7096091210726487
368,Yes,1,Graduate,360.0,1.0,Semiurban,Y,2.2430380486862944,3.8010605298478555
369,Yes,0,Graduate,360.0,1.0,Rural,N,2.7558748556724915,4.397870515995371
370,No,0,Graduate,360.0,1.0,Semiurban,Y,1.7403626894942439,4.197528655522771
371,Yes,2,Graduate,360.0,1.0,Semiurban,Y,2.1903316981702914,3.7147487607250596
372,Yes,2,Graduate,300.0,1.0,Rural,Y,2.57978359661681,4.2354274364449696
373,No,1,Graduate,180.0,0.0,Urban,N,2.0453229787866576,3.7032053706954864
374,No,0,Graduate,360.0,1.0,Urban,Y,2.041392685158225,3.625621081424908
375,Yes,0,Graduate,180.0,1.0,Urban,Y,2.0791812460476247,3.7589118923979736
376,Yes,3+,Graduate,360.0,1.0,Rural,Y,2.113943352306837,4.138176339573041
377,Yes,0,Graduate,360.0,1.0,Semiurban,Y,2.113943352306837,3.6344772701607315
378,No,0,Graduate,480.0,1.0,Urban,N,1.8512583487190752,3.4869968884318228
379,Yes,2,Graduate,360.0,1.0,Urban,Y,2.113943352306837,3.7316693318286362
380,Yes,0,Graduate,360.0,1.0,Semiurban,Y,2.1072099696478683,3.7658919764300154
381,No,0,Graduate,360.0,1.0,Semiurban,Y,2.4712917110589387,4.007449044497749
382,No,0,Graduate,360.0,1.0,Urban,Y,2.1931245983544616,3.7781512503836434
383,No,0,Graduate,360.0,1.0,Urban,Y,2.1072099696478683,3.8553374044695405
384,Yes,2,Graduate,360.0,1.0,Urban,N,2.0,3.6595359071542166
385,No,1,Graduate,180.0,1.0,Urban,Y,2.0530784434834195,3.5643109099606027
386,No,0,Not Graduate,360.0,1.0,Semiurban,Y,2.12057393120585,3.5961570809161723
387,Yes,0,Not Graduate,360.0,0.0,Urban,N,2.1072099696478683,3.7885925559203595
388,Yes,0,Graduate,360.0,1.0,Urban,Y,2.1335389083702174,3.6766936096248664
389,Yes,0,Graduate,360.0,1.0,Rural,Y,2.0969100130080562,3.7394141026986953
390,No,3+,Graduate,360.0,1.0,Rural,Y,2.2671717284030137,3.962227231350085
391,Yes,3+,Graduate,360.0,1.0,Rural,Y,2.439332693830263,3.9779064276371185
392,Yes,0,Graduate,360.0,1.0,Urban,Y,2.0791812460476247,3.671913012441587
393,Yes,2,Not Graduate,180.0,1.0,Semiurban,Y,2.0530784434834195,3.558468562523795
394,Yes,2,Graduate,360.0,1.0,Urban,Y,2.0530784434834195,3.6532125137753435
395,Yes,2,Graduate,360.0,1.0,Semiurban,Y,2.130333768495006,3.575187844927661
396,No,0,Graduate,360.0,0.0,Urban,N,1.8512583487190752,3.5024271199844326
397,Yes,0,Graduate,360.0,1.0,Urban,Y,1.9777236052888478,3.6524397475894204
398,No,0,Not Graduate,360.0,1.0,Rural,Y,2.037426497940624,3.7456992266025058
399,No,0,Graduate,360.0,0.0,Semiurban,N,2.012837224705172,3.5185139398778875
400,Yes,2,Not Graduate,180.0,0.0,Urban,N,1.6532125137753437,3.460747541844197
401,No,0,Not Graduate,300.0,1.0,Rural,N,1.8129133566428555,3.4401216031878037
402,No,0,Graduate,360.0,1.0,Semiurban,Y,2.012837224705172,4.352182518111363
403,No,0,Not Graduate,360.0,1.0,Semiurban,Y,1.724275869600789,3.292920299600006
404,No,0,Graduate,360.0,1.0,Rural,N,2.287801729930226,3.8716313045375537
405,No,0,Graduate,360.0,1.0,Semiurban,Y,2.060697840353612,3.6577249542051082
406,Yes,0,Not Graduate,360.0,1.0,Urban,Y,2.060697840353612,3.6596310116070008
407,No,0,Not Graduate,360.0,1.0,Rural,Y,1.8195439355418688,3.344981413927258
408,Yes,1,Graduate,300.0,0.0,Semiurban,N,2.1818435879447726,3.9190780923760737
409,Yes,3+,Graduate,360.0,0.0,Rural,N,2.5563025007672873,4.9084850188786495
410,No,1,Not Graduate,360.0,1.0,Semiurban,N,1.792391689498254,3.5873741720730656
411,Yes,0,Graduate,360.0,1.0,Urban,Y,2.2041199826559246,3.7962967400517917
412,Yes,0,Not Graduate,360.0,0.0,Rural,N,2.3384564936046046,3.785044958331544
413,Yes,0,Not Graduate,360.0,1.0,Rural,Y,2.041392685158225,3.63205216670581
414,Yes,0,Not Graduate,360.0,0.0,Semiurban,N,2.250420002308894,3.731266349075492
415,No,0,Graduate,360.0,1.0,Urban,Y,1.7781512503836436,3.4763968267253302
416,No,1,Graduate,360.0,1.0,Urban,N,2.2041199826559246,3.4149733479708178
417,Yes,2,Graduate,360.0,1.0,Urban,N,2.3783979009481375,4.334453751150931
418,Yes,0,Graduate,360.0,1.0,Rural,Y,2.0492180226701815,3.5795549604009986
419,Yes,0,Graduate,360.0,1.0,Semiurban,Y,2.1398790864012365,3.668665415454492
420,Yes,0,Graduate,360.0,1.0,Rural,Y,2.1398790864012365,3.765594055319445
421,No,0,Not Graduate,360.0,0.0,Urban,N,1.9030899869919435,3.4345689040341987
422,Yes,0,Graduate,360.0,1.0,Urban,Y,2.0,3.548880562637515
423,Yes,1,Graduate,360.0,0.0,Urban,N,2.041392685158225,3.9502187666418633
424,Yes,0,Graduate,360.0,1.0,Semiurban,Y,1.9822712330395684,4.17260293120986
425,Yes,0,Graduate,360.0,1.0,Rural,Y,2.0827853703164503,3.8429834701222174
426,No,1,Not Graduate,360.0,1.0,Rural,N,1.9084850188786497,3.663323933628212
427,Yes,2,Graduate,360.0,1.0,Semiurban,Y,2.123851640967086,3.77342072329061
428,Yes,0,Graduate,360.0,1.0,Rural,Y,1.9395192526186185,3.467773801461207
429,No,0,Not Graduate,180.0,1.0,Urban,Y,1.7781512503836436,3.4340896384178907
430,No,1,Graduate,360.0,1.0,Semiurban,Y,2.1760912590556813,3.9357087478426633
431,No,0,Graduate,360.0,0.0,Rural,N,2.0211892990699383,3.8129133566428557
432,No,0,Graduate,360.0,1.0,Semiurban,Y,2.6074550232146687,4.109780968013576
433,Yes,0,Graduate,360.0,1.0,Semiurban,Y,2.155336037465062,3.6780629049743454
434,No,0,Graduate,360.0,1.0,Urban,Y,2.0,3.574031267727719
435,No,0,Graduate,240.0,1.0,Semiurban,Y,2.1072099696478683,4.002036402259529
436,No,0,Graduate,360.0,1.0,Semiurban,Y,1.6989700043360187,3.5771469848275252
437,Yes,0,Graduate,360.0,1.0,Urban,Y,2.1072099696478683,3.5234863323432277
438,No,0,Graduate,360.0,0.0,Urban,N,2.271841606536499,4.017700971224117
439,Yes,0,Not Graduate,360.0,1.0,Rural,Y,2.1398790864012365,3.853819845856763
440,No,0,Graduate,360.0,1.0,Semiurban,Y,2.271841606536499,3.940715656906663
441,Yes,0,Graduate,360.0,1.0,Rural,Y,2.255272505103306,3.9882913419074875
442,No,3+,Not Graduate,360.0,1.0,Semiurban,Y,2.1702617153949575,3.8260748027008264
443,No,1,Graduate,360.0,1.0,Semiurban,Y,2.1818435879447726,4.5765601702731695
444,Yes,0,Graduate,300.0,1.0,Rural,Y,2.2430380486862944,4.194958122206588
445,Yes,1,Graduate,360.0,1.0,Rural,Y,2.113943352306837,3.6698745024898023
446,Yes,2,Not Graduate,360.0,1.0,Rural,Y,2.041392685158225,3.667639706056411
447,Yes,0,Graduate,360.0,1.0,Rural,N,1.7403626894942439,3.6915235221681546
448,Yes,2,Graduate,360.0,0.0,Rural,N,2.1760912590556813,3.7032913781186614
449,No,1,Not Graduate,360.0,1.0,Semiurban,N,2.278753600952829,3.634578022853888
450,Yes,2,Not Graduate,360.0,0.0,Rural,N,2.0969100130080562,3.5519376953648374
451,Yes,2,Not Graduate,300.0,1.0,Urban,Y,1.7781512503836436,3.5332635167787148
452,Yes,0,Graduate,360.0,0.0,Rural,N,2.173186268412274,3.7544247892772584
453,Yes,0,Graduate,180.0,0.0,Rural,Y,1.954242509439325,3.694517453811156
454,No,0,Graduate,360.0,1.0,Semiurban,Y,1.9242792860618816,3.850339854583479
455,Yes,2,Graduate,360.0,1.0,Semiurban,Y,1.9822712330395684,3.5864747785713966
456,Yes,0,Graduate,360.0,1.0,Urban,Y,2.0718820073061255,3.6335694425540916
457,Yes,0,Graduate,360.0,1.0,Urban,N,2.2380461031287955,3.7977521286507105
458,No,2,Graduate,360.0,1.0,Rural,Y,2.1335389083702174,3.6388884247050757
459,Yes,0,Graduate,360.0,1.0,Semiurban,N,2.2041199826559246,3.9208534961212593
460,Yes,0,Graduate,360.0,1.0,Semiurban,Y,2.2041199826559246,3.7900035203904894
461,Yes,3+,Graduate,180.0,1.0,Urban,Y,2.1072099696478683,3.8887409606828927
462,Yes,0,Graduate,360.0,1.0,Rural,Y,2.184691430817599,3.7162538258960365
463,No,1,Not Graduate,360.0,1.0,Semiurban,Y,2.12057393120585,3.7152510288788494
464,No,0,Graduate,360.0,0.0,Semiurban,N,1.9912260756924949,3.619719265611727
465,No,0,Graduate,360.0,1.0,Rural,Y,2.146128035678238,3.7781512503836434
466,Yes,3+,Not Graduate,180.0,0.0,Urban,N,1.845098040014257,3.6637951222194074
467,Yes,0,Graduate,360.0,1.0,Semiurban,Y,2.041392685158225,4.222508376039671
468,Yes,2,Not Graduate,360.0,1.0,Semiurban,Y,1.9912260756924949,3.4951278812429334
469,Yes,0,Graduate,360.0,1.0,Urban,N,2.041392685158225,3.8314858392486575
470,Yes,1,Graduate,360.0,1.0,Semiurban,Y,2.2095150145426308,3.7426465899387362
471,Yes,1,Not Graduate,180.0,0.0,Rural,N,2.0530784434834195,3.6183619311098782
472,Yes,3+,Graduate,360.0,1.0,Semiurban,Y,2.0,3.6712654329471586
473,No,0,Graduate,360.0,1.0,Urban,Y,1.968482948553935,3.3979400086720375
474,No,2,Graduate,360.0,1.0,Rural,Y,2.2095150145426308,4.00774777800074
475,Yes,2,Graduate,360.0,1.0,Rural,Y,2.1760912590556813,4.2440048280914535
476,Yes,2,Graduate,300.0,1.0,Semiurban,Y,2.361727836017593,3.926856708949692
477,Yes,2,Graduate,360.0,0.0,Semiurban,N,2.12057393120585,3.6762362167633116
478,Yes,1,Graduate,360.0,1.0,Semiurban,Y,1.9344984512435677,4.276852263844274
479,Yes,2,Graduate,360.0,1.0,Urban,N,2.1072099696478683,3.6580113966571126
480,No,0,Not Graduate,360.0,1.0,Rural,Y,2.187520720836463,3.6384892569546374
481,Yes,3+,Not Graduate,360.0,1.0,Rural,Y,2.0530784434834195,3.490660653356137
482,Yes,0,Graduate,360.0,1.0,Semiurban,Y,2.1072099696478683,3.718750734739665
483,Yes,0,Graduate,360.0,1.0,Semiurban,Y,2.369215857410143,4.034748743146489
484,Yes,2,Graduate,360.0,1.0,Semiurban,Y,2.3909351071033793,3.920801381825654
485,Yes,1,Not Graduate,360.0,1.0,Rural,Y,2.1172712956557644,3.6428600525844916
486,No,2,Graduate,360.0,0.0,Rural,N,1.9030899869919435,3.549861188471943
487,Yes,1,Graduate,360.0,1.0,Urban,N,2.6989700043360187,4.263233538439489
488,Yes,2,Graduate,360.0,1.0,Semiurban,Y,2.2041199826559246,3.8238653093245114
489,No,0,Graduate,360.0,1.0,Urban,N,1.8750612633917,3.386498965550653
490,No,0,Not Graduate,360.0,1.0,Semiurban,Y,1.9822712330395684,3.739097446117475
491,Yes,1,Not Graduate,360.0,1.0,Urban,Y,2.2695129442179165,3.8105013477665297
492,No,0,Not Graduate,360.0,1.0,Rural,Y,2.041392685158225,3.5671440451956573
493,No,0,Not Graduate,360.0,1.0,Semiurban,Y,2.3521825181113627,4.237116270535057
494,Yes,0,Graduate,360.0,0.0,Rural,N,2.0755469613925306,3.759969857554307
495,Yes,1,Graduate,84.0,1.0,Semiurban,Y,2.0211892990699383,3.627263416568221
496,Yes,0,Not Graduate,360.0,1.0,Rural,Y,2.0293837776852097,3.6334684555795866
497,Yes,0,Graduate,12.0,1.0,Urban,Y,2.0453229787866576,3.874017703862186
498,Yes,1,Graduate,360.0,1.0,Semiurban,Y,1.9777236052888478,3.4616485680634552
499,No,0,Graduate,360.0,0.0,Rural,N,2.3201462861110542,4.029343187519107
500,No,0,Graduate,480.0,1.0,Rural,Y,2.0530784434834195,3.636287252098513
501,No,0,Graduate,360.0,1.0,Semiurban,Y,2.0,3.499549625905149
502,Yes,2,Graduate,360.0,1.0,Semiurban,Y,2.3180633349627615,4.020734085411515
503,Yes,1,Not Graduate,360.0,1.0,Rural,N,2.1398790864012365,3.9709044981537835
504,Yes,0,Not Graduate,300.0,1.0,Semiurban,Y,2.093421685162235,3.7240299729355977
505,Yes,2,Graduate,360.0,1.0,Rural,Y,2.385606273598312,3.8990540679981707
506,Yes,0,Graduate,360.0,1.0,Urban,Y,2.681241237375587,4.439332693830263
507,No,0,Graduate,360.0,1.0,Urban,N,1.9822712330395684,3.5542468081661105
508,Yes,0,Graduate,360.0,1.0,Urban,Y,2.27415784926368,3.7397305285647175
509,No,1,Graduate,360.0,1.0,Urban,Y,1.6020599913279623,4.12260902357599
510,No,0,Not Graduate,360.0,1.0,Rural,N,2.0,3.688864568054792
511,Yes,1,Graduate,360.0,1.0,Semiurban,Y,2.3979400086720375,3.9068197154665456
512,Yes,2,Graduate,360.0,1.0,Urban,Y,2.1702617153949575,3.7257483329955483
513,Yes,0,Graduate,180.0,1.0,Semiurban,N,1.845098040014257,3.944285220688753
514,No,0,Graduate,360.0,1.0,Rural,N,2.4927603890268375,3.976854146576219
515,Yes,3+,Graduate,360.0,1.0,Rural,Y,2.1760912590556813,3.838471279071929
516,Yes,2,Graduate,480.0,1.0,Semiurban,Y,2.0530784434834195,3.563836918664545
517,Yes,0,Not Graduate,360.0,0.0,Semiurban,N,2.089905111439398,3.6878855248487055
518,No,0,Graduate,360.0,1.0,Semiurban,N,2.2671717284030137,3.8194123112093252
519,No,0,Not Graduate,360.0,1.0,Rural,N,1.9777236052888478,3.531478917042255
520,Yes,2,Not Graduate,360.0,1.0,Semiurban,Y,1.6532125137753437,3.594834355583318
521,No,0,Graduate,360.0,1.0,Semiurban,Y,1.7403626894942439,3.3979400086720375
522,Yes,3+,Graduate,360.0,1.0,Rural,Y,2.0,3.8513195126487454
523,Yes,2,Graduate,360.0,1.0,Rural,Y,2.681241237375587,4.179379417881757
524,No,0,Graduate,360.0,1.0,Semiurban,N,2.1072099696478683,3.830396176483469
525,Yes,2,Graduate,360.0,1.0,Rural,Y,2.6020599913279625,4.243038048686294
526,Yes,0,Graduate,360.0,1.0,Semiurban,Y,2.041392685158225,3.576916955965207
527,Yes,1,Not Graduate,360.0,0.0,Semiurban,Y,2.2068258760318495,3.8270460170047342
528,No,1,Not Graduate,360.0,1.0,Semiurban,Y,1.9731278535996986,3.599992177584098
529,No,0,Not Graduate,360.0,1.0,Semiurban,Y,2.113943352306837,3.831421817065022
530,Yes,0,Graduate,360.0,1.0,Rural,Y,2.3344537511509307,3.814580516010319
531,Yes,3+,Graduate,360.0,1.0,Urban,Y,2.0,3.631545227834309
532,No,2,Graduate,360.0,0.0,Rural,N,2.041392685158225,3.5548524343720547
533,No,1,Graduate,360.0,1.0,Semiurban,N,2.292256071356476,4.051152522447381
534,No,0,Not Graduate,360.0,1.0,Urban,Y,2.0969100130080562,4.259235402198733
535,No,0,Not Graduate,360.0,1.0,Rural,Y,2.100370545117563,3.662001879389917
536,Yes,0,Graduate,360.0,1.0,Urban,Y,2.510545010206612,4.001690454232153
537,No,2,Graduate,360.0,1.0,Semiurban,Y,2.0293837776852097,3.5583485087616196
538,Yes,0,Not Graduate,360.0,1.0,Rural,N,1.8195439355418688,3.5381965783494542
539,Yes,3+,Graduate,180.0,1.0,Rural,Y,2.1958996524092336,3.8073320392911905
540,Yes,1,Graduate,180.0,1.0,Semiurban,Y,2.146128035678238,3.8723311212302507
541,No,0,Graduate,360.0,0.0,Semiurban,N,1.99563519459755,3.330007700872759
542,No,1,Graduate,360.0,1.0,Semiurban,Y,1.9777236052888478,3.562530768862261
543,Yes,1,Not Graduate,360.0,1.0,Urban,Y,2.1072099696478683,3.6778805815115905
544,Yes,0,Not Graduate,360.0,1.0,Semiurban,Y,2.0086001717619175,3.5658478186735176
545,Yes,0,Graduate,360.0,1.0,Rural,Y,2.1903316981702914,3.6737579365495767
546,No,0,Not Graduate,36.0,1.0,Semiurban,N,1.9030899869919435,3.5260806918020298
547,No,0,Graduate,360.0,1.0,Rural,Y,2.161368002234975,3.6343764940883676
548,No,0,Graduate,360.0,0.0,Semiurban,N,2.012837224705172,3.6989700043360187
549,Yes,0,Graduate,360.0,1.0,Rural,Y,2.041392685158225,3.681331705969166
550,Yes,2,Graduate,360.0,0.0,Rural,N,2.1072099696478683,3.8217099972983766
551,Yes,1,Not Graduate,360.0,1.0,Rural,Y,2.1072099696478683,3.687261346243506
552,Yes,1,Graduate,360.0,1.0,Urban,Y,2.1986570869544226,3.8184238550920786
553,Yes,0,Not Graduate,360.0,0.0,Urban,N,2.2576785748691846,3.6800634274819486
554,Yes,0,Graduate,180.0,0.0,Rural,N,2.12057393120585,3.895367288773362
555,Yes,1,Graduate,360.0,1.0,Semiurban,Y,1.414973347970818,3.8129133566428557
556,No,0,Graduate,360.0,1.0,Urban,Y,1.9242792860618816,3.6326597132939136
557,Yes,3+,Graduate,360.0,1.0,Semiurban,Y,2.4149733479708178,4.005995123054691
558,Yes,0,Graduate,360.0,1.0,Semiurban,Y,2.2095150145426308,3.8166389448984614
559,Yes,0,Graduate,360.0,1.0,Semiurban,Y,2.2600713879850747,3.811976944336954
560,Yes,2,Not Graduate,360.0,1.0,Semiurban,Y,2.03342375548695,3.592953571547866
561,Yes,1,Graduate,360.0,1.0,Semiurban,Y,2.7781512503836434,4.289678120899732
562,Yes,0,Graduate,360.0,1.0,Rural,Y,2.3242824552976926,3.9018395920512297
563,No,0,Not Graduate,360.0,1.0,Semiurban,Y,2.12057393120585,3.7634279935629373
564,Yes,2,Graduate,360.0,0.0,Urban,N,2.41161970596323,3.9444333177002147
565,Yes,0,Not Graduate,360.0,1.0,Rural,Y,2.0791812460476247,3.6500159524718385
566,No,0,Graduate,360.0,1.0,Urban,Y,1.845098040014257,3.52283531366053
567,Yes,3+,Graduate,360.0,0.0,Rural,N,2.089905111439398,3.7708520116421442
568,No,0,Graduate,360.0,1.0,Urban,N,0.9542425094393249,3.376211850282673
569,Yes,0,Graduate,360.0,0.0,Urban,N,2.0170333392987803,3.718501688867274
570,Yes,1,Graduate,360.0,1.0,Urban,Y,2.2695129442179165,3.7132384615456617
571,Yes,0,Graduate,360.0,0.0,Urban,N,2.2174839442139063,3.8173670162875943
572,Yes,2,Graduate,360.0,1.0,Urban,Y,2.439332693830263,4.221831377489635
573,Yes,2,Not Graduate,480.0,1.0,Semiurban,N,2.271841606536499,3.88930170250631
574,Yes,3+,Graduate,360.0,1.0,Semiurban,N,2.1760912590556813,3.806586934327803
575,Yes,2,Graduate,84.0,1.0,Urban,Y,2.03342375548695,3.558708570533166
576,Yes,0,Graduate,360.0,0.0,Semiurban,N,2.1335389083702174,3.7240299729355977
577,No,0,Graduate,360.0,1.0,Urban,Y,2.041392685158225,3.7758288144646124
578,Yes,1,Graduate,360.0,1.0,Rural,Y,2.0293837776852097,3.6035773681514667
579,No,0,Graduate,360.0,1.0,Urban,Y,2.2068258760318495,3.785258633357701
580,Yes,2,Graduate,360.0,1.0,Semiurban,Y,2.311753861055754,3.815577748324267
581,No,0,Graduate,360.0,1.0,Urban,N,1.954242509439325,4.552339633831198
582,Yes,0,Graduate,360.0,1.0,Semiurban,Y,1.5563025007672873,3.5005109105263372
583,Yes,1,Graduate,360.0,1.0,Rural,N,1.7853298350107671,3.27415784926368
584,Yes,1,Graduate,360.0,0.0,Rural,N,2.164352855784437,3.6724673130680823
585,Yes,1,Graduate,84.0,1.0,Rural,N,2.2355284469075487,3.8623103099542706
586,Yes,0,Graduate,360.0,1.0,Urban,Y,2.0170333392987803,3.581949658373318
587,No,0,Not Graduate,360.0,1.0,Semiurban,Y,1.845098040014257,3.3354579006893843
588,No,0,Graduate,360.0,1.0,Semiurban,Y,1.9731278535996986,3.6766936096248664
589,Yes,2,Graduate,360.0,0.0,Semiurban,N,2.0253058652647704,3.435525851498655
590,Yes,0,Graduate,180.0,1.0,Semiurban,Y,1.7481880270062005,3.807264355276107
591,Yes,2,Graduate,240.0,1.0,Semiurban,N,2.311753861055754,3.7781512503836434
592,No,3+,Graduate,360.0,1.0,Semiurban,Y,2.4653828514484184,3.9711366294768062
593,Yes,0,Graduate,180.0,1.0,Rural,Y,2.1522883443830563,3.854852362417834
594,Yes,0,Graduate,360.0,1.0,Urban,Y,2.4149733479708178,4.207365037469072
595,No,0,Not Graduate,360.0,1.0,Rural,Y,2.041392685158225,3.5835388192543522
596,Yes,2,Not Graduate,360.0,1.0,Rural,N,2.271841606536499,3.868232868422465
597,No,0,Graduate,360.0,0.0,Semiurban,N,1.9444826721501687,3.475235222604128
598,Yes,0,Graduate,360.0,1.0,Rural,Y,2.255272505103306,3.9983901303180476
599,Yes,2,Graduate,360.0,1.0,Urban,Y,2.2833012287035497,3.761927838420529
600,No,3+,Graduate,180.0,1.0,Urban,N,2.5440680443502757,4.624106692101121
601,Yes,0,Not Graduate,360.0,1.0,Rural,Y,2.1903316981702914,3.754806855354423
602,Yes,3+,Graduate,360.0,1.0,Urban,Y,2.1072099696478683,3.7561033715851058
603,No,0,Graduate,360.0,1.0,Rural,Y,2.2355284469075487,3.9018395920512297
604,Yes,1,Graduate,360.0,1.0,Semiurban,Y,2.6954816764901977,4.079181246047625
605,Yes,0,Not Graduate,180.0,1.0,Urban,N,2.1072099696478683,3.792391689498254
606,Yes,1,Graduate,360.0,1.0,Semiurban,Y,2.2380461031287955,3.7708520116421442
607,Yes,2,Not Graduate,360.0,1.0,Rural,Y,2.1958996524092336,3.732232880220498
608,Yes,0,Graduate,360.0,1.0,Rural,Y,2.03342375548695,3.714497408649806
609,No,0,Graduate,360.0,1.0,Rural,Y,1.8512583487190752,3.462397997898956
610,Yes,3+,Graduate,180.0,1.0,Rural,Y,1.6020599913279623,3.613418945034573
611,Yes,1,Graduate,360.0,1.0,Urban,Y,2.403120521175818,3.919705534549121
612,Yes,2,Graduate,360.0,1.0,Urban,Y,2.271841606536499,3.8798410559865624
613,No,0,Graduate,360.0,0.0,Semiurban,N,2.123851640967086,3.6611498572447867
