Married,Dependents,Education,Loan_Amount_Term,Credit_History,Property_Area,Loan_Status,LoanAmount_log,Total_income_log
No,0,Graduate,360.0,1.0,Urban,Y,2.1072099696478683,3.767081621363322
Yes,1,Graduate,360.0,1.0,Rural,N,2.1072099696478683,3.784688599501421
Yes,0,Graduate,360.0,1.0,Urban,Y,1.8195439355418688,3.4771212547196626
Yes,0,Not Graduate,360.0,1.0,Urban,Y,2.0791812460476247,3.6938148538894167
No,0,Graduate,360.0,1.0,Urban,Y,2.14921911265538,3.7781512503836434
Yes,2,Graduate,360.0,1.0,Urban,Y,2.4265112613645754,3.9828589423120753
Yes,0,Not Graduate,360.0,1.0,Urban,Y,1.977723605288848,3.585347911094591
Yes,3+,Graduate,360.0,0.0,Semiurban,N,2.198657086954422,3.74350976472843
Yes,2,Graduate,360.0,1.0,Urban,Y,2.225309281725863,3.742882171437273
Yes,1,Graduate,360.0,1.0,Semiurban,N,2.54282542695918,4.376741155018397
Yes,2,Graduate,360.0,1.0,Urban,Y,1.845098040014257,3.591064607026499
Yes,2,Graduate,360.0,1.0,Urban,Y,2.037426497940624,3.637489729512511
Yes,2,Graduate,360.0,1.0,Urban,Y,2.3010299956639813,4.04840295615274
No,0,Graduate,360.0,1.0,Rural,N,2.0569048513364727,3.671450554212495
Yes,2,Graduate,120.0,1.0,Urban,Y,1.230448921378274,3.3774883833761327
No,0,Graduate,360.0,1.0,Urban,Y,2.096910013008056,3.694605198933569
No,1,Not Graduate,240.0,1.0,Urban,Y,2.0,3.5558196830611912
No,0,Graduate,360.0,0.0,Urban,N,1.8808135922807916,3.545307116465824
Yes,0,Not Graduate,360.0,1.0,Rural,N,2.123851640967086,3.689042339028172
Yes,0,Graduate,360.0,1.0,Urban,Y,2.060697840353612,3.785329835010767
Yes,0,Not Graduate,360.0,0.0,Urban,N,2.0170333392987803,3.884228769632604
Yes,1,Graduate,360.0,1.0,Urban,Y,2.4983105537896004,4.063708559391418
Yes,0,Not Graduate,360.0,0.0,Semiurban,N,2.0644579892269186,3.6542728270977114
Yes,2,Not Graduate,360.0,0.0,Rural,N,2.049218022670181,3.722798396870905
Yes,1,Graduate,360.0,1.0,Semiurban,N,2.1789769472931693,3.8222988712623662
Yes,0,Graduate,360.0,1.0,Semiurban,Y,2.281033367247728,3.9804578922761
Yes,0,Graduate,360.0,1.0,Semiurban,Y,2.0863598306747484,3.703463341883293
Yes,2,Not Graduate,360.0,1.0,Urban,Y,2.041392685158225,3.7214808547700495
No,0,Not Graduate,360.0,1.0,Urban,N,1.5440680443502757,3.15896526038341
No,2,Graduate,360.0,1.0,Semiurban,Y,2.0791812460476247,3.765891976430016
Yes,1,Graduate,360.0,1.0,Urban,N,2.303196057420489,3.877083256650651
No,0,Graduate,360.0,1.0,Urban,N,1.869231719730976,3.500648063371912
No,1,Graduate,360.0,1.0,Rural,N,2.0253058652647704,3.671358003443492
Yes,0,Graduate,360.0,1.0,Semiurban,Y,2.0569048513364727,3.7132384615456617
No,3+,Graduate,360.0,1.0,Rural,N,2.505149978319906,4.190331698170292
Yes,0,Graduate,360.0,1.0,Urban,Y,2.1072099696478683,3.637689819118401
Yes,0,Graduate,360.0,0.0,Urban,N,2.0,3.499412125672275
Yes,0,Graduate,360.0,1.0,Semiurban,Y,2.1583624920952498,3.709778601848225
No,0,Graduate,360.0,1.0,Urban,Y,2.2648178230095364,4.055989583385691
No,0,Not Graduate,360.0,1.0,Semiurban,Y,2.041392685158225,3.733678655677088
No,0,Graduate,360.0,1.0,Urban,N,1.9030899869919435,3.5563025007672877
No,0,Graduate,360.0,1.0,Urban,Y,1.6720978579357175,3.478999131673357
Yes,0,Graduate,360.0,1.0,Urban,Y,1.8750612633917,3.380211241711606
Yes,0,Graduate,360.0,1.0,Semiurban,Y,2.127104798364808,3.797752128650711
Yes,0,Not Graduate,360.0,1.0,Urban,Y,1.9822712330395684,3.6716355966021297
No,0,Graduate,360.0,1.0,Urban,Y,1.944482672150169,3.5327543789924976
Yes,1,Graduate,360.0,1.0,Urban,Y,1.6434526764861874,3.751971574736327
Yes,0,Graduate,360.0,1.0,Urban,Y,2.1583624920952498,3.764997599284881
Yes,0,Graduate,360.0,0.0,Urban,N,2.0791812460476247,3.784260582566084
No,0,Graduate,360.0,1.0,Semiurban,Y,2.1583624920952498,3.797613730153076
Yes,0,Not Graduate,360.0,1.0,Semiurban,Y,2.0,3.552911450216509
No,0,Graduate,360.0,1.0,Semiurban,Y,2.0791812460476247,3.4893959217271293
No,0,Graduate,360.0,1.0,Semiurban,N,2.049218022670181,3.6263403673750414
Yes,2,Graduate,360.0,1.0,Urban,N,2.127104798364808,3.664265800147675
Yes,1,Graduate,360.0,0.0,Urban,N,2.456366033129043,4.060697840353612
Yes,2,Graduate,360.0,1.0,Semiurban,Y,1.9867717342662448,3.588271706842329
Yes,0,Graduate,360.0,1.0,Semiurban,Y,1.9822712330395684,3.570893036218392
Yes,0,Graduate,360.0,1.0,Rural,N,2.130333768495006,3.745543201998024
Yes,1,Graduate,360.0,1.0,Urban,Y,2.255272505103306,4.014100321519621
Yes,2,Not Graduate,360.0,1.0,Urban,Y,2.1583624920952498,3.793511005792858
Yes,0,Graduate,360.0,1.0,Urban,Y,2.0791812460476247,3.799064719351008
Yes,3+,Graduate,360.0,1.0,Urban,Y,1.99563519459755,3.481299273332856
Yes,0,Not Graduate,180.0,0.0,Rural,N,2.2174839442139063,3.782329268996837
Yes,1,Graduate,360.0,0.0,Rural,N,2.1072099696478683,3.694166295933198
No,0,Graduate,360.0,0.0,Semiurban,N,2.0644579892269186,3.619719265611727
Yes,0,Graduate,360.0,1.0,Semiurban,N,2.41161970596323,4.013721778051063
No,0,Not Graduate,180.0,0.0,Urban,N,2.100370545117563,3.7367151336056112
Yes,1,Graduate,360.0,1.0,Urban,Y,2.494154594018443,4.031408464251625
Yes,3+,Not Graduate,60.0,1.0,Urban,Y,2.096910013008056,3.851258348719076
No,0,Graduate,360.0,0.0,Semiurban,N,2.133538908370217,3.633468455579586
Yes,0,Graduate,360.0,1.0,Urban,Y,2.2355284469075487,3.7975445143617264
Yes,2,Not Graduate,360.0,1.0,Semiurban,Y,1.9867717342662448,3.574031267727719
No,0,Graduate,300.0,1.0,Semiurban,Y,1.9084850188786495,3.544068044350276
Yes,3+,Not Graduate,360.0,0.0,Semiurban,N,1.977723605288848,3.677150521273433
Yes,3+,Graduate,360.0,1.0,Semiurban,Y,2.271841606536499,3.847572659142112
No,0,Graduate,480.0,1.0,Urban,N,2.0530784434834195,3.574031267727719
No,0,Graduate,360.0,1.0,Urban,N,2.24551266781415,3.929418925714293
Yes,1,Graduate,360.0,1.0,Urban,N,2.041392685158225,3.6044420662607233
Yes,3+,Graduate,300.0,0.0,Semiurban,N,2.255272505103306,3.855337404469541
Yes,3+,Not Graduate,360.0,1.0,Semiurban,Y,2.113943352306837,3.7402837196818792
No,0,Graduate,360.0,1.0,Semiurban,Y,2.0453229787866576,3.585009279902461
Yes,1,Graduate,360.0,1.0,Semiurban,Y,2.1072099696478683,3.379305517750582
Yes,2,Graduate,360.0,1.0,Urban,N,2.2227164711475837,3.513084360465144
Yes,0,Graduate,360.0,1.0,Semiurban,N,2.423245873936808,3.916453948549925
Yes,1,Graduate,240.0,1.0,Urban,Y,1.6989700043360187,3.600755149639618
No,0,Graduate,360.0,1.0,Semiurban,Y,2.133538908370217,3.689930104018218
Yes,2,Not Graduate,360.0,1.0,Semiurban,Y,1.99563519459755,3.726971583682877
Yes,0,Graduate,360.0,1.0,Semiurban,Y,2.0170333392987803,3.6644539285811577
No,0,Graduate,360.0,1.0,Urban,Y,2.322219294733919,3.932778070060551
Yes,0,Graduate,360.0,1.0,Semiurban,Y,2.2430380486862944,3.993964998195119
Yes,0,Graduate,360.0,1.0,Semiurban,Y,2.1172712956557644,3.76774936734558
Yes,2,Graduate,180.0,1.0,Semiurban,Y,2.27415784926368,4.075692918201804
Yes,2,Not Graduate,360.0,1.0,Urban,Y,1.9084850188786495,3.706973676176178
No,0,Graduate,360.0,1.0,Semiurban,Y,2.0863598306747484,3.616265405281708
No,0,Not Graduate,120.0,1.0,Semiurban,Y,1.3979400086720375,3.558708570533166
No,0,Graduate,360.0,1.0,Urban,N,2.1072099696478683,3.831357785442068
Yes,0,Graduate,360.0,1.0,Semiurban,Y,2.1367205671564067,3.6799726942774185
Yes,0,Graduate,360.0,1.0,Semiurban,Y,1.6989700043360187,3.4733409641859354
Yes,0,Not Graduate,180.0,1.0,Semiurban,Y,2.060697840353612,3.622006673006805
Yes,0,Graduate,360.0,1.0,Semiurban,Y,2.1172712956557644,3.724275869600789
Yes,2,Not Graduate,180.0,1.0,Urban,Y,2.123851640967086,3.878004470268025
No,0,Graduate,360.0,1.0,Semiurban,Y,2.1789769472931693,3.93696589710787
Yes,0,Graduate,360.0,1.0,Urban,Y,2.1072099696478683,4.135132651376775
Yes,0,Graduate,360.0,1.0,Semiurban,Y,2.1072099696478683,3.915663603505773
No,0,Graduate,360.0,1.0,Urban,Y,2.204119982655925,3.6599162000698495
Yes,1,Graduate,360.0,1.0,Urban,Y,2.0,3.610873000380052
Yes,2,Graduate,360.0,1.0,Urban,Y,2.3521825181113627,4.0984014222700775
No,0,Not Graduate,360.0,1.0,Rural,N,2.0791812460476247,3.8652816849956095
Yes,2,Graduate,360.0,0.0,Urban,N,2.3344537511509307,3.869231719730976
Yes,3+,Not Graduate,480.0,1.0,Semiurban,Y,1.9731278535996983,3.451018452155457
No,0,Graduate,360.0,1.0,Urban,Y,2.133538908370217,3.725584972270694
Yes,0,Graduate,360.0,1.0,Semiurban,Y,2.143014800254095,3.721150843749684
Yes,0,Not Graduate,360.0,0.0,Rural,N,2.1818435879447726,3.88570038012833
No,1,Graduate,360.0,1.0,Semiurban,Y,2.1072099696478683,3.8722145633975855
No,0,Graduate,360.0,1.0,Semiurban,Y,2.071882007306125,3.703291378118661
Yes,1,Graduate,180.0,1.0,Rural,Y,2.2671717284030137,4.163846875794205
Yes,0,Graduate,360.0,1.0,Semiurban,Y,2.187520720836463,3.7363965022766426
Yes,1,Graduate,360.0,1.0,Urban,Y,1.9294189257142929,3.557747741641468
Yes,0,Graduate,360.0,1.0,Rural,N,2.2430380486862944,3.8870543780509568
No,0,Graduate,360.0,1.0,Urban,Y,2.413299764081252,4.01736728355353
Yes,0,Graduate,360.0,1.0,Rural,Y,2.255272505103306,3.9208534961212593
No,0,Graduate,360.0,1.0,Semiurban,Y,1.6434526764861874,3.619719265611727
No,0,Graduate,360.0,0.0,Semiurban,Y,2.1367205671564067,4.045987605660968
Yes,2,Graduate,360.0,1.0,Semiurban,Y,1.9084850188786495,3.4708513245261177
Yes,0,Not Graduate,360.0,1.0,Rural,Y,2.287801729930226,3.800304577556199
No,0,Graduate,360.0,1.0,Rural,Y,1.968482948553935,3.5672616923538745
Yes,3+,Graduate,360.0,1.0,Rural,Y,2.568201724066995,4.376631696608533
No,0,Graduate,360.0,1.0,Rural,Y,2.1072099696478683,3.74075732330777
Yes,1,Graduate,180.0,0.0,Urban,N,2.204119982655925,4.1572451604751945
Yes,0,Graduate,360.0,1.0,Rural,N,2.2600713879850747,3.93696589710787
No,0,Graduate,480.0,1.0,Urban,Y,2.812913356642856,4.304619762853121
No,0,Graduate,360.0,1.0,Urban,Y,1.869231719730976,3.5958267770732237
No,0,Graduate,360.0,1.0,Semiurban,Y,1.845098040014257,3.434249452396476
Yes,0,Graduate,120.0,1.0,Semiurban,Y,1.3979400086720375,3.538950562014361
No,0,Graduate,360.0,1.0,Semiurban,Y,2.008600171761917,3.689752696139157
Yes,3+,Graduate,360.0,1.0,Semiurban,N,2.462397997898956,4.070037866607756
Yes,0,Graduate,360.0,1.0,Rural,N,1.9242792860618816,3.6611498572447863
Yes,2,Graduate,360.0,1.0,Urban,Y,1.944482672150169,3.833529581758644
No,0,Graduate,360.0,0.0,Semiurban,N,2.383815365980431,4.176062305125079
Yes,2,Not Graduate,360.0,1.0,Rural,N,2.110589710299249,3.750508394851346
Yes,2,Graduate,360.0,1.0,Rural,N,2.2671717284030137,3.852784868680548
No,0,Graduate,360.0,1.0,Urban,Y,2.225309281725863,3.733758835587203
No,0,Graduate,180.0,1.0,Semiurban,Y,2.2430380486862944,3.8419848045901137
Yes,0,Graduate,360.0,1.0,Semiurban,Y,2.0863598306747484,3.675044735955893
Yes,2,Graduate,180.0,1.0,Urban,Y,2.271841606536499,4.070296518197765
Yes,0,Graduate,360.0,1.0,Semiurban,Y,2.0,3.833529581758644
Yes,2,Graduate,360.0,1.0,Urban,Y,1.845098040014257,4.172194128466931
Yes,1,Graduate,360.0,1.0,Urban,Y,1.4771212547196624,3.471731651480051
No,0,Graduate,360.0,1.0,Rural,N,2.3521825181113627,4.066921972093997
Yes,0,Graduate,360.0,1.0,Semiurban,Y,2.096910013008056,3.7551122663950713
No,0,Graduate,360.0,0.0,Rural,N,2.071882007306125,3.797752128650711
Yes,0,Graduate,360.0,1.0,Rural,Y,2.1818435879447726,3.801197834459149
No,0,Graduate,360.0,1.0,Urban,N,2.387389826338729,3.962179852908768
Yes,2,Not Graduate,360.0,1.0,Rural,N,2.0530784434834195,3.3581252852766488
No,0,Graduate,360.0,1.0,Urban,Y,1.6989700043360187,3.51241754860084
Yes,3+,Graduate,180.0,0.0,Semiurban,Y,2.7781512503836434,4.602049133830196
Yes,1,Graduate,360.0,1.0,Rural,Y,2.204119982655925,3.7781512503836434
Yes,1,Graduate,360.0,1.0,Urban,Y,2.271841606536499,3.979457318097848
No,0,Graduate,360.0,1.0,Rural,Y,2.0791812460476247,3.704407927386841
Yes,0,Graduate,360.0,1.0,Semiurban,Y,2.406540180433955,4.008940661377087
Yes,0,Not Graduate,360.0,1.0,Semiurban,Y,1.9912260756924949,3.462996612028056
Yes,0,Graduate,360.0,1.0,Urban,N,2.439332693830263,3.8994374542861774
Yes,1,Graduate,360.0,0.0,Semiurban,N,2.0827853703164503,3.640382044709568
Yes,2,Graduate,360.0,1.0,Rural,Y,2.198657086954422,3.74927240829842
Yes,0,Graduate,180.0,1.0,Urban,Y,1.8750612633917,3.969555684220844
Yes,0,Graduate,360.0,1.0,Rural,Y,2.2600713879850747,3.83714634390906
Yes,0,Graduate,360.0,1.0,Rural,N,2.049218022670181,3.6611498572447863
Yes,0,Graduate,360.0,1.0,Rural,Y,2.110589710299249,3.7613263224214566
No,0,Graduate,480.0,0.0,Semiurban,N,1.7993405494535817,3.34966598409663
Yes,2,Graduate,360.0,1.0,Semiurban,Y,2.3010299956639813,3.903089986991944
Yes,0,Not Graduate,360.0,1.0,Rural,Y,1.977723605288848,3.55497345833324
Yes,3+,Graduate,300.0,1.0,Urban,Y,2.845098040014257,4.714019438558823
Yes,3+,Not Graduate,180.0,1.0,Rural,N,1.9084850188786495,3.5467893516312583
Yes,0,Graduate,360.0,1.0,Semiurban,Y,2.271841606536499,4.054344888767631
Yes,0,Not Graduate,360.0,1.0,Semiurban,N,1.9395192526186185,3.7058637122839193
Yes,0,Graduate,360.0,1.0,Rural,Y,2.0644579892269186,3.737272176535544
Yes,2,Graduate,360.0,1.0,Rural,Y,2.004321373782642,3.563955464995813
Yes,3+,Graduate,360.0,0.0,Semiurban,N,2.694605198933569,4.225722698684167
Yes,1,Graduate,360.0,1.0,Semiurban,Y,2.0644579892269186,3.574031267727719
No,0,Not Graduate,480.0,0.0,Urban,N,2.008600171761917,3.5779511277297558
Yes,1,Graduate,360.0,0.0,Urban,N,2.255272505103306,4.135132651376775
No,0,Graduate,360.0,1.0,Rural,N,1.8260748027008264,3.843793198325912
Yes,0,Graduate,180.0,1.0,Semiurban,Y,1.863322860120456,3.662757831681574
Yes,1,Graduate,360.0,1.0,Semiurban,N,2.4149733479708178,4.5295073501090375
Yes,0,Graduate,360.0,1.0,Semiurban,Y,2.03342375548695,3.5593080109070123
Yes,0,Graduate,360.0,1.0,Semiurban,Y,2.0791812460476247,4.642434840789607
Yes,1,Graduate,300.0,0.0,Rural,N,1.8195439355418688,3.3380578754197563
Yes,0,Graduate,360.0,1.0,Rural,Y,1.7634279935629371,3.655234507034294
Yes,0,Graduate,360.0,1.0,Rural,Y,2.225309281725863,3.775974331129369
Yes,0,Graduate,180.0,1.0,Rural,Y,2.27415784926368,3.969788537414939
No,0,Not Graduate,360.0,1.0,Rural,Y,1.6812412373755872,3.688864568054792
No,0,Graduate,360.0,1.0,Semiurban,N,2.214843848047698,4.079181246047625
Yes,0,Not Graduate,360.0,1.0,Urban,N,2.204119982655925,3.780533325316404
No,0,Graduate,360.0,1.0,Semiurban,Y,1.8808135922807916,3.586362223307866
No,0,Graduate,360.0,1.0,Rural,Y,2.0791812460476247,3.622317660833844
Yes,1,Graduate,360.0,1.0,Semiurban,N,2.230448921378274,3.756483964442609
No,0,Graduate,360.0,1.0,Rural,Y,2.271841606536499,4.082174775484666
No,0,Not Graduate,360.0,1.0,Urban,Y,2.0791812460476247,3.6306312440205
Yes,0,Graduate,360.0,1.0,Semiurban,Y,2.0530784434834195,3.794627444664508
No,0,Graduate,360.0,1.0,Urban,N,1.919078092376074,4.041392685158225
Yes,1,Not Graduate,360.0,1.0,Semiurban,Y,1.954242509439325,3.707570176097936
No,2,Graduate,360.0,0.0,Semiurban,Y,2.220108088040055,3.692229835772756
Yes,3+,Not Graduate,180.0,1.0,Urban,N,2.1072099696478683,3.601190532615333
Yes,1,Not Graduate,360.0,1.0,Urban,Y,2.130333768495006,3.6611498572447863
Yes,2,Not Graduate,360.0,1.0,Semiurban,Y,2.093421685162235,3.592953571547866
No,0,Not Graduate,360.0,1.0,Semiurban,Y,2.0791812460476247,3.6442415858437287
No,0,Graduate,360.0,1.0,Urban,Y,1.9030899869919435,3.5110808455391185
No,0,Not Graduate,360.0,1.0,Rural,Y,1.740362689494244,3.813314058945835
No,0,Graduate,360.0,1.0,Urban,Y,1.7708520116421442,3.394276526767821
No,0,Graduate,360.0,1.0,Semiurban,N,2.103803720955957,3.533772058384718
No,0,Graduate,360.0,1.0,Semiurban,N,2.330413773349191,4.0
Yes,3+,Graduate,360.0,0.0,Semiurban,N,2.1072099696478683,3.670245853074124
Yes,1,Graduate,360.0,1.0,Urban,Y,2.380211241711606,3.891370174696148
Yes,3+,Not Graduate,360.0,1.0,Rural,Y,2.113943352306837,3.7561033715851058
Yes,0,Graduate,360.0,1.0,Urban,Y,2.1367205671564067,3.791971201020768
Yes,3+,Not Graduate,360.0,1.0,Semiurban,Y,2.0,3.6842167951388807
Yes,0,Graduate,360.0,1.0,Rural,N,2.130333768495006,3.290034611362518
Yes,0,Graduate,360.0,1.0,Semiurban,Y,2.1172712956557644,3.7405205860536648
Yes,2,Graduate,360.0,0.0,Semiurban,N,1.8573324964312683,3.6989700043360183
Yes,2,Graduate,360.0,1.0,Semiurban,Y,2.103803720955957,3.823865309324512
Yes,0,Graduate,360.0,0.0,Urban,N,1.7781512503836436,3.346548558548474
Yes,2,Graduate,360.0,1.0,Semiurban,Y,2.0644579892269186,3.75785134368558
No,0,Graduate,360.0,1.0,Semiurban,Y,2.1583624920952498,3.7605732539443935
Yes,0,Graduate,360.0,1.0,Semiurban,Y,2.2430380486862944,3.933892035764211
Yes,0,Graduate,360.0,1.0,Semiurban,Y,2.1072099696478683,3.795880017344075
Yes,0,Graduate,360.0,1.0,Rural,N,2.230448921378274,3.5118833609788744
Yes,0,Not Graduate,360.0,1.0,Urban,N,2.1398790864012365,3.675319983339292
Yes,2,Graduate,360.0,1.0,Semiurban,Y,2.322219294733919,3.900093901543398
No,0,Graduate,480.0,1.0,Semiurban,Y,2.198657086954422,3.677424437701248
No,0,Graduate,360.0,1.0,Rural,Y,2.3010299956639813,3.806179973983887
Yes,1,Graduate,360.0,1.0,Semiurban,Y,2.0170333392987803,3.657533887557986
Yes,0,Graduate,180.0,1.0,Rural,Y,1.6232492903979006,3.5700757053216043
No,0,Not Graduate,360.0,1.0,Rural,Y,2.0791812460476247,3.762453482363547
No,0,Graduate,360.0,1.0,Semiurban,Y,2.4471580313422194,3.920801381825654
Yes,1,Graduate,360.0,1.0,Semiurban,Y,2.146128035678238,3.693199145153717
Yes,1,Graduate,360.0,1.0,Rural,Y,2.230448921378274,3.829946695941636
Yes,0,Graduate,360.0,1.0,Urban,N,2.406540180433955,3.759365621655929
No,0,Graduate,360.0,1.0,Urban,Y,2.0863598306747484,3.539452491549461
No,1,Graduate,360.0,1.0,Rural,Y,2.049218022670181,3.5811528919662887
Yes,1,Graduate,360.0,1.0,Semiurban,Y,1.9822712330395684,3.520483532740792
Yes,2,Graduate,360.0,1.0,Rural,Y,2.0791812460476247,4.034187120793453
Yes,1,Not Graduate,180.0,1.0,Urban,N,2.146128035678238,3.6525364185930256
No,0,Graduate,60.0,1.0,Urban,Y,2.1903316981702914,3.937818684698356
Yes,2,Graduate,360.0,1.0,Rural,Y,2.03342375548695,3.877946951629189
Yes,0,Not Graduate,360.0,1.0,Semiurban,Y,2.089905111439398,3.8933733302460247
No,0,Graduate,180.0,1.0,Urban,N,2.0791812460476247,4.01632285401379
Yes,2,Graduate,360.0,1.0,Urban,Y,2.049218022670181,3.986906031380721
Yes,1,Not Graduate,180.0,1.0,Urban,Y,2.1367205671564067,3.8200700343123257
Yes,1,Graduate,480.0,1.0,Semiurban,Y,2.089905111439398,3.674401812845282
Yes,0,Graduate,360.0,1.0,Urban,Y,1.954242509439325,3.5654936298688624
Yes,0,Not Graduate,360.0,0.0,Semiurban,N,2.303196057420489,3.744918542441353
No,2,Graduate,360.0,1.0,Urban,N,2.1398790864012365,3.534914104429867
No,0,Not Graduate,360.0,1.0,Rural,Y,2.0170333392987803,3.6766936096248655
Yes,1,Not Graduate,180.0,1.0,Semiurban,Y,2.4456042032735974,3.989538803320503
No,0,Graduate,360.0,0.0,Urban,N,2.2833012287035497,4.210853365314893
No,3+,Graduate,360.0,1.0,Rural,Y,2.406540180433955,3.488973524726508
No,0,Not Graduate,360.0,0.0,Rural,N,2.060697840353612,3.7813963051967914
Yes,3+,Graduate,360.0,1.0,Urban,N,1.9731278535996983,3.720159303405957
Yes,0,Graduate,360.0,1.0,Rural,N,2.482873583608754,4.224869594573257
Yes,3+,Not Graduate,360.0,1.0,Semiurban,N,2.1072099696478683,3.692935002531138
Yes,1,Graduate,360.0,1.0,Urban,Y,2.5185139398778875,4.01422642938923
No,0,Graduate,360.0,1.0,Semiurban,Y,2.127104798364808,3.6303261548039463
No,1,Graduate,36.0,1.0,Semiurban,N,2.1903316981702914,3.5417040232842885
No,0,Graduate,360.0,1.0,Rural,Y,2.0791812460476247,3.857332496431269
No,0,Graduate,360.0,1.0,Semiurban,Y,2.1072099696478683,3.7131544018372975
No,0,Graduate,360.0,1.0,Rural,Y,2.1789769472931693,3.8774865280696016
Yes,2,Graduate,360.0,1.0,Semiurban,Y,2.1760912590556813,3.784973709954401
Yes,3+,Graduate,360.0,0.0,Urban,Y,2.204119982655925,3.788451207023456
No,0,Graduate,360.0,1.0,Rural,N,2.130333768495006,3.533772058384718
No,1,Graduate,360.0,1.0,Urban,Y,1.954242509439325,3.646991537477122
No,0,Graduate,360.0,1.0,Urban,Y,1.4771212547196624,3.5101426994025733
Yes,0,Graduate,360.0,1.0,Urban,Y,2.133538908370217,4.047119038720181
No,0,Graduate,360.0,1.0,Rural,Y,2.100370545117563,3.6711728427150834
Yes,0,Graduate,360.0,1.0,Semiurban,Y,2.1760912590556813,3.6851144690465394
Yes,2,Graduate,360.0,1.0,Semiurban,Y,1.954242509439325,3.591064607026499
Yes,1,Graduate,360.0,1.0,Semiurban,Y,2.060697840353612,3.662001879389917
Yes,0,Graduate,360.0,1.0,Semiurban,Y,2.315970345456918,3.86135516019326
Yes,0,Graduate,360.0,1.0,Urban,Y,1.9030899869919435,3.6437486854595256
Yes,0,Graduate,360.0,1.0,Semiurban,Y,2.639486489268586,4.163846875794205
Yes,0,Not Graduate,360.0,1.0,Rural,Y,2.093421685162235,3.612783856719736
No,1,Not Graduate,360.0,0.0,Urban,N,2.198657086954422,3.811507979945327
Yes,0,Graduate,360.0,1.0,Semiurban,Y,2.049218022670181,3.6745856023029138
Yes,2,Graduate,180.0,1.0,Urban,Y,1.8920946026904804,3.5167732766895647
No,0,Graduate,360.0,1.0,Urban,Y,1.7323937598229686,3.5412046906832586
Yes,0,Graduate,360.0,1.0,Rural,N,2.1072099696478683,4.31527743947181
No,0,Graduate,360.0,1.0,Rural,Y,1.9493900066449128,3.793161529245551
No,0,Graduate,300.0,1.0,Semiurban,N,1.99563519459755,3.635182048656268
Yes,0,Graduate,360.0,1.0,Rural,Y,2.0791812460476247,3.756179516843809
No,0,Graduate,360.0,1.0,Semiurban,Y,2.060697840353612,3.615318656611479
No,0,Graduate,360.0,1.0,Rural,Y,2.271841606536499,3.9780891730561434
Yes,0,Graduate,360.0,1.0,Rural,Y,2.143014800254095,3.7396514437093766
Yes,2,Graduate,360.0,0.0,Semiurban,N,2.103803720955957,3.643452676486187
Yes,2,Graduate,360.0,1.0,Urban,Y,2.127104798364808,3.673297439759636
No,0,Graduate,480.0,0.0,Urban,N,2.155336037465062,3.733758835587203
Yes,0,Graduate,360.0,1.0,Semiurban,Y,2.2355284469075487,3.757168192214273
Yes,3+,Graduate,360.0,1.0,Urban,Y,2.041392685158225,3.7532765701844175
Yes,1,Graduate,360.0,1.0,Semiurban,Y,2.3010299956639813,3.8372727025023
Yes,1,Graduate,360.0,1.0,Urban,Y,2.130333768495006,3.668944734457734
No,0,Graduate,480.0,1.0,Rural,N,2.1789769472931693,3.87742894078822
Yes,1,Graduate,360.0,1.0,Urban,N,2.0530784434834195,3.693639026161548
Yes,0,Not Graduate,360.0,0.0,Urban,N,1.968482948553935,3.675228253593064
Yes,0,Not Graduate,360.0,1.0,Semiurban,Y,2.0211892990699383,3.6651117370750512
No,0,Graduate,360.0,1.0,Rural,Y,2.12057393120585,3.6989700043360183
Yes,1,Graduate,360.0,1.0,Urban,Y,1.9822712330395684,3.5350408132511606
No,0,Graduate,360.0,1.0,Rural,Y,2.146128035678238,3.812913356642856
No,0,Not Graduate,360.0,1.0,Urban,N,2.1072099696478683,3.3010299956639813
No,0,Graduate,360.0,1.0,Rural,Y,2.130333768495006,3.7346398389876994
No,0,Graduate,360.0,0.0,Urban,N,2.0170333392987803,3.629715332647132
No,0,Graduate,360.0,1.0,Rural,N,2.681241237375587,4.3060602815276
Yes,2,Not Graduate,360.0,1.0,Rural,Y,2.2671717284030137,3.8846254632562345
No,0,Graduate,360.0,1.0,Semiurban,Y,1.9242792860618816,3.4649364291217326
No,0,Not Graduate,360.0,1.0,Semiurban,Y,2.0453229787866576,3.726890140741822
No,0,Graduate,360.0,1.0,Rural,Y,1.7481880270062005,3.3991543339582164
Yes,2,Graduate,84.0,1.0,Rural,Y,2.1583624920952498,3.759365621655929
Yes,0,Graduate,360.0,1.0,Rural,N,2.2013971243204518,3.635081436010873
Yes,1,Not Graduate,180.0,1.0,Urban,Y,2.0453229787866576,3.7023443583557687
Yes,2,Graduate,360.0,1.0,Semiurban,Y,2.0791812460476247,3.570192561095726
Yes,0,Graduate,360.0,1.0,Urban,Y,1.944482672150169,3.6224212739756703
No,1,Graduate,360.0,1.0,Semiurban,Y,2.049218022670181,3.5491259267581112
Yes,1,Graduate,360.0,1.0,Rural,N,2.1903316981702914,4.0
Yes,0,Graduate,360.0,1.0,Semiurban,Y,2.060697840353612,3.6596310116070008
Yes,3+,Graduate,360.0,1.0,Semiurban,Y,2.093421685162235,3.656194062179186
Yes,2,Not Graduate,360.0,1.0,Rural,Y,2.1072099696478683,3.7152510288788494
No,0,Graduate,360.0,1.0,Rural,Y,2.12057393120585,3.788945727023748
Yes,3+,Graduate,360.0,1.0,Rural,Y,2.4771212547196626,4.176091259055681
Yes,1,Graduate,360.0,0.0,Rural,N,2.575187844927661,4.13510083376572
No,0,Graduate,360.0,0.0,Rural,Y,2.113943352306837,3.6917002082901615
Yes,0,Graduate,360.0,1.0,Semiurban,Y,2.2648178230095364,3.901894031973821
Yes,0,Graduate,360.0,1.0,Urban,N,2.041392685158225,3.8314858392486575
No,0,Graduate,360.0,1.0,Urban,Y,1.8260748027008264,3.397940008672037
No,1,Graduate,360.0,1.0,Urban,Y,2.0681858617461617,3.7907776013376937
No,0,Graduate,360.0,1.0,Semiurban,Y,1.9912260756924949,3.467608105583633
No,0,Graduate,360.0,1.0,Urban,Y,1.8512583487190752,3.452246574520437
Yes,0,Graduate,180.0,1.0,Urban,Y,2.690196080028514,4.801657488870102
Yes,1,Graduate,180.0,1.0,Urban,Y,2.2600713879850747,4.066921972093997
Yes,0,Graduate,360.0,1.0,Semiurban,Y,1.845098040014257,3.999695887410839
Yes,1,Graduate,360.0,1.0,Rural,Y,2.204119982655925,3.7736401932600256
Yes,2,Graduate,360.0,1.0,Rural,Y,2.24551266781415,3.851258348719076
No,3+,Not Graduate,360.0,0.0,Urban,N,2.1072099696478683,3.2624510897304293
No,0,Graduate,360.0,1.0,Semiurban,Y,1.8512583487190752,3.619093330626743
Yes,3+,Not Graduate,360.0,1.0,Rural,N,2.2380461031287955,3.626750853683393
No,0,Graduate,360.0,1.0,Rural,N,1.662757831681574,3.376211850282673
Yes,1,Not Graduate,360.0,1.0,Urban,Y,2.198657086954422,3.7621531923035945
Yes,3+,Not Graduate,360.0,1.0,Semiurban,Y,1.869231719730976,3.501470072100412
Yes,2,Graduate,360.0,1.0,Rural,Y,2.096910013008056,3.691346764134822
Yes,0,Graduate,360.0,1.0,Semiurban,Y,2.204119982655925,3.695218918905151
Yes,0,Not Graduate,360.0,0.0,Rural,N,2.1818435879447726,3.829496749720183
Yes,2,Not Graduate,360.0,1.0,Urban,Y,2.100370545117563,3.720242018287057
Yes,0,Graduate,360.0,1.0,Semiurban,Y,2.413299764081252,4.038063526997859
Yes,0,Graduate,360.0,1.0,Rural,Y,2.271841606536499,3.948168361727132
Yes,0,Graduate,360.0,1.0,Semiurban,Y,2.357934847000454,3.958229314188382
No,0,Graduate,360.0,1.0,Rural,N,2.4885507165004443,4.111161659577588
Yes,3+,Graduate,360.0,1.0,Rural,Y,1.977723605288848,3.676602169582018
Yes,0,Graduate,360.0,0.0,Rural,N,2.0211892990699383,3.740362689494244
Yes,0,Graduate,360.0,1.0,Semiurban,Y,2.113943352306837,3.4665710723863543
No,0,Graduate,180.0,1.0,Urban,Y,2.0644579892269186,3.5812668052736707
Yes,2,Graduate,360.0,1.0,Rural,Y,2.2174839442139063,4.060697840353612
Yes,1,Graduate,360.0,1.0,Urban,N,1.8260748027008264,3.588271706842329
Yes,0,Not Graduate,480.0,0.0,Urban,N,2.0,3.668944734457734
Yes,3+,Graduate,360.0,1.0,Semiurban,Y,2.3010299956639813,3.9208534961212593
No,1,Graduate,360.0,1.0,Semiurban,N,1.9084850188786495,3.6742179455767
Yes,2,Graduate,360.0,1.0,Semiurban,Y,2.3729120029701067,3.9378687965638592
Yes,0,Graduate,360.0,1.0,Urban,Y,2.113943352306837,3.8502172417983895
Yes,0,Graduate,300.0,1.0,Urban,Y,1.977723605288848,3.781468142841798
No,0,Graduate,360.0,1.0,Rural,Y,2.14921911265538,3.833911715071378
No,0,Not Graduate,360.0,1.0,Rural,N,2.123851640967086,3.793511005792858
No,0,Graduate,480.0,1.0,Semiurban,N,1.9822712330395684,3.397940008672037
No,0,Graduate,360.0,0.0,Rural,N,2.093421685162235,3.7096091210726487
Yes,1,Graduate,360.0,1.0,Semiurban,Y,2.2430380486862944,3.801060529847856
Yes,0,Graduate,360.0,1.0,Rural,N,2.7558748556724915,4.397870515995371
No,0,Graduate,360.0,1.0,Semiurban,Y,1.740362689494244,4.197528655522771
Yes,2,Graduate,360.0,1.0,Semiurban,Y,2.1903316981702914,3.71474876072506
Yes,2,Graduate,300.0,1.0,Rural,Y,2.57978359661681,4.2354274364449696
No,1,Graduate,180.0,0.0,Urban,N,2.0453229787866576,3.7032053706954864
No,0,Graduate,360.0,1.0,Urban,Y,2.041392685158225,3.625621081424908
Yes,0,Graduate,180.0,1.0,Urban,Y,2.0791812460476247,3.7589118923979736
Yes,3+,Graduate,360.0,1.0,Rural,Y,2.113943352306837,4.138176339573041
Yes,0,Graduate,360.0,1.0,Semiurban,Y,2.113943352306837,3.634477270160732
No,0,Graduate,480.0,1.0,Urban,N,1.8512583487190752,3.4869968884318228
Yes,2,Graduate,360.0,1.0,Urban,Y,2.113943352306837,3.731669331828636
Yes,0,Graduate,360.0,1.0,Semiurban,Y,2.1072099696478683,3.765891976430016
No,0,Graduate,360.0,1.0,Semiurban,Y,2.4712917110589387,4.007449044497749
No,0,Graduate,360.0,1.0,Urban,Y,2.1931245983544616,3.7781512503836434
No,0,Graduate,360.0,1.0,Urban,Y,2.1072099696478683,3.855337404469541
Yes,2,Graduate,360.0,1.0,Urban,N,2.0,3.6595359071542166
No,1,Graduate,180.0,1.0,Urban,Y,2.0530784434834195,3.5643109099606027
No,0,Not Graduate,360.0,1.0,Semiurban,Y,2.12057393120585,3.5961570809161723
Yes,0,Not Graduate,360.0,0.0,Urban,N,2.1072099696478683,3.78859255592036
Yes,0,Graduate,360.0,1.0,Urban,Y,2.133538908370217,3.6766936096248655
Yes,0,Graduate,360.0,1.0,Rural,Y,2.096910013008056,3.7394141026986953
No,3+,Graduate,360.0,1.0,Rural,Y,2.2671717284030137,3.962227231350085
Yes,3+,Graduate,360.0,1.0,Rural,Y,2.439332693830263,3.977906427637119
Yes,0,Graduate,360.0,1.0,Urban,Y,2.0791812460476247,3.671913012441587
Yes,2,Not Graduate,180.0,1.0,Semiurban,Y,2.0530784434834195,3.558468562523795
Yes,2,Graduate,360.0,1.0,Urban,Y,2.0530784434834195,3.653212513775344
Yes,2,Graduate,360.0,1.0,Semiurban,Y,2.130333768495006,3.575187844927661
No,0,Graduate,360.0,0.0,Urban,N,1.8512583487190752,3.502427119984433
Yes,0,Graduate,360.0,1.0,Urban,Y,1.977723605288848,3.652439747589421
No,0,Not Graduate,360.0,1.0,Rural,Y,2.037426497940624,3.7456992266025058
No,0,Graduate,360.0,0.0,Semiurban,N,2.012837224705172,3.5185139398778875
Yes,2,Not Graduate,180.0,0.0,Urban,N,1.6532125137753435,3.460747541844197
No,0,Not Graduate,300.0,1.0,Rural,N,1.8129133566428557,3.440121603187804
No,0,Graduate,360.0,1.0,Semiurban,Y,2.012837224705172,4.352182518111363
No,0,Not Graduate,360.0,1.0,Semiurban,Y,1.724275869600789,3.292920299600006
No,0,Graduate,360.0,1.0,Rural,N,2.287801729930226,3.8716313045375537
No,0,Graduate,360.0,1.0,Semiurban,Y,2.060697840353612,3.657724954205108
Yes,0,Not Graduate,360.0,1.0,Urban,Y,2.060697840353612,3.6596310116070008
No,0,Not Graduate,360.0,1.0,Rural,Y,1.8195439355418688,3.344981413927258
Yes,1,Graduate,300.0,0.0,Semiurban,N,2.1818435879447726,3.9190780923760737
Yes,3+,Graduate,360.0,0.0,Rural,N,2.5563025007672877,4.9084850188786495
No,1,Not Graduate,360.0,1.0,Semiurban,N,1.792391689498254,3.5873741720730656
Yes,0,Graduate,360.0,1.0,Urban,Y,2.204119982655925,3.796296740051792
Yes,0,Not Graduate,360.0,0.0,Rural,N,2.3384564936046046,3.785044958331544
Yes,0,Not Graduate,360.0,1.0,Rural,Y,2.041392685158225,3.63205216670581
Yes,0,Not Graduate,360.0,0.0,Semiurban,N,2.250420002308894,3.731266349075492
No,0,Graduate,360.0,1.0,Urban,Y,1.7781512503836436,3.4763968267253302
No,1,Graduate,360.0,1.0,Urban,N,2.204119982655925,3.4149733479708178
Yes,2,Graduate,360.0,1.0,Urban,N,2.378397900948137,4.334453751150931
Yes,0,Graduate,360.0,1.0,Rural,Y,2.049218022670181,3.579554960400998
Yes,0,Graduate,360.0,1.0,Semiurban,Y,2.1398790864012365,3.668665415454492
Yes,0,Graduate,360.0,1.0,Rural,Y,2.1398790864012365,3.765594055319445
No,0,Not Graduate,360.0,0.0,Urban,N,1.9030899869919435,3.4345689040341987
Yes,0,Graduate,360.0,1.0,Urban,Y,2.0,3.548880562637515
Yes,1,Graduate,360.0,0.0,Urban,N,2.041392685158225,3.9502187666418633
Yes,0,Graduate,360.0,1.0,Semiurban,Y,1.9822712330395684,4.17260293120986
Yes,0,Graduate,360.0,1.0,Rural,Y,2.0827853703164503,3.8429834701222174
No,1,Not Graduate,360.0,1.0,Rural,N,1.9084850188786495,3.663323933628212
Yes,2,Graduate,360.0,1.0,Semiurban,Y,2.123851640967086,3.77342072329061
Yes,0,Graduate,360.0,1.0,Rural,Y,1.9395192526186185,3.467773801461207
No,0,Not Graduate,180.0,1.0,Urban,Y,1.7781512503836436,3.4340896384178907
No,1,Graduate,360.0,1.0,Semiurban,Y,2.1760912590556813,3.9357087478426633
No,0,Graduate,360.0,0.0,Rural,N,2.0211892990699383,3.812913356642856
No,0,Graduate,360.0,1.0,Semiurban,Y,2.6074550232146687,4.109780968013576
Yes,0,Graduate,360.0,1.0,Semiurban,Y,2.155336037465062,3.6780629049743454
No,0,Graduate,360.0,1.0,Urban,Y,2.0,3.574031267727719
No,0,Graduate,240.0,1.0,Semiurban,Y,2.1072099696478683,4.002036402259529
No,0,Graduate,360.0,1.0,Semiurban,Y,1.6989700043360187,3.577146984827525
Yes,0,Graduate,360.0,1.0,Urban,Y,2.1072099696478683,3.523486332343228
No,0,Graduate,360.0,0.0,Urban,N,2.271841606536499,4.017700971224117
Yes,0,Not Graduate,360.0,1.0,Rural,Y,2.1398790864012365,3.853819845856763
No,0,Graduate,360.0,1.0,Semiurban,Y,2.271841606536499,3.940715656906663
Yes,0,Graduate,360.0,1.0,Rural,Y,2.255272505103306,3.988291341907488
No,3+,Not Graduate,360.0,1.0,Semiurban,Y,2.170261715394957,3.8260748027008256
No,1,Graduate,360.0,1.0,Semiurban,Y,2.1818435879447726,4.5765601702731695
Yes,0,Graduate,300.0,1.0,Rural,Y,2.2430380486862944,4.194958122206588
Yes,1,Graduate,360.0,1.0,Rural,Y,2.113943352306837,3.6698745024898014
Yes,2,Not Graduate,360.0,1.0,Rural,Y,2.041392685158225,3.667639706056411
Yes,0,Graduate,360.0,1.0,Rural,N,1.740362689494244,3.6915235221681546
Yes,2,Graduate,360.0,0.0,Rural,N,2.1760912590556813,3.703291378118661
No,1,Not Graduate,360.0,1.0,Semiurban,N,2.278753600952829,3.634578022853888
Yes,2,Not Graduate,360.0,0.0,Rural,N,2.096910013008056,3.5519376953648374
Yes,2,Not Graduate,300.0,1.0,Urban,Y,1.7781512503836436,3.5332635167787148
Yes,0,Graduate,360.0,0.0,Rural,N,2.173186268412274,3.7544247892772575
Yes,0,Graduate,180.0,0.0,Rural,Y,1.954242509439325,3.694517453811156
No,0,Graduate,360.0,1.0,Semiurban,Y,1.9242792860618816,3.850339854583479
Yes,2,Graduate,360.0,1.0,Semiurban,Y,1.9822712330395684,3.5864747785713966
Yes,0,Graduate,360.0,1.0,Urban,Y,2.071882007306125,3.633569442554092
Yes,0,Graduate,360.0,1.0,Urban,N,2.2380461031287955,3.797752128650711
No,2,Graduate,360.0,1.0,Rural,Y,2.133538908370217,3.638888424705076
Yes,0,Graduate,360.0,1.0,Semiurban,N,2.204119982655925,3.9208534961212593
Yes,0,Graduate,360.0,1.0,Semiurban,Y,2.204119982655925,3.79000352039049
Yes,3+,Graduate,180.0,1.0,Urban,Y,2.1072099696478683,3.8887409606828927
Yes,0,Graduate,360.0,1.0,Rural,Y,2.184691430817599,3.716253825896037
No,1,Not Graduate,360.0,1.0,Semiurban,Y,2.12057393120585,3.7152510288788494
No,0,Graduate,360.0,0.0,Semiurban,N,1.9912260756924949,3.619719265611727
No,0,Graduate,360.0,1.0,Rural,Y,2.146128035678238,3.7781512503836434
Yes,3+,Not Graduate,180.0,0.0,Urban,N,1.845098040014257,3.663795122219408
Yes,0,Graduate,360.0,1.0,Semiurban,Y,2.041392685158225,4.222508376039671
Yes,2,Not Graduate,360.0,1.0,Semiurban,Y,1.9912260756924949,3.4951278812429334
Yes,0,Graduate,360.0,1.0,Urban,N,2.041392685158225,3.8314858392486575
Yes,1,Graduate,360.0,1.0,Semiurban,Y,2.2095150145426308,3.742646589938736
Yes,1,Not Graduate,180.0,0.0,Rural,N,2.0530784434834195,3.6183619311098782
Yes,3+,Graduate,360.0,1.0,Semiurban,Y,2.0,3.671265432947159
No,0,Graduate,360.0,1.0,Urban,Y,1.968482948553935,3.397940008672037
No,2,Graduate,360.0,1.0,Rural,Y,2.2095150145426308,4.00774777800074
Yes,2,Graduate,360.0,1.0,Rural,Y,2.1760912590556813,4.2440048280914535
Yes,2,Graduate,300.0,1.0,Semiurban,Y,2.361727836017593,3.926856708949692
Yes,2,Graduate,360.0,0.0,Semiurban,N,2.12057393120585,3.676236216763312
Yes,1,Graduate,360.0,1.0,Semiurban,Y,1.934498451243568,4.276852263844274
Yes,2,Graduate,360.0,1.0,Urban,N,2.1072099696478683,3.6580113966571126
No,0,Not Graduate,360.0,1.0,Rural,Y,2.187520720836463,3.638489256954637
Yes,3+,Not Graduate,360.0,1.0,Rural,Y,2.0530784434834195,3.490660653356137
Yes,0,Graduate,360.0,1.0,Semiurban,Y,2.1072099696478683,3.718750734739665
Yes,0,Graduate,360.0,1.0,Semiurban,Y,2.369215857410143,4.034748743146489
Yes,2,Graduate,360.0,1.0,Semiurban,Y,2.3909351071033798,3.920801381825654
Yes,1,Not Graduate,360.0,1.0,Rural,Y,2.1172712956557644,3.642860052584492
No,2,Graduate,360.0,0.0,Rural,N,1.9030899869919435,3.549861188471943
Yes,1,Graduate,360.0,1.0,Urban,N,2.6989700043360187,4.263233538439489
Yes,2,Graduate,360.0,1.0,Semiurban,Y,2.204119982655925,3.823865309324512
No,0,Graduate,360.0,1.0,Urban,N,1.8750612633917,3.386498965550653
No,0,Not Graduate,360.0,1.0,Semiurban,Y,1.9822712330395684,3.739097446117475
Yes,1,Not Graduate,360.0,1.0,Urban,Y,2.2695129442179165,3.8105013477665297
No,0,Not Graduate,360.0,1.0,Rural,Y,2.041392685158225,3.5671440451956573
No,0,Not Graduate,360.0,1.0,Semiurban,Y,2.3521825181113627,4.237116270535057
Yes,0,Graduate,360.0,0.0,Rural,N,2.0755469613925306,3.759969857554307
Yes,1,Graduate,84.0,1.0,Semiurban,Y,2.0211892990699383,3.627263416568221
Yes,0,Not Graduate,360.0,1.0,Rural,Y,2.0293837776852097,3.633468455579586
Yes,0,Graduate,12.0,1.0,Urban,Y,2.0453229787866576,3.874017703862186
Yes,1,Graduate,360.0,1.0,Semiurban,Y,1.977723605288848,3.4616485680634552
No,0,Graduate,360.0,0.0,Rural,N,2.3201462861110542,4.029343187519107
No,0,Graduate,480.0,1.0,Rural,Y,2.0530784434834195,3.636287252098513
No,0,Graduate,360.0,1.0,Semiurban,Y,2.0,3.499549625905149
Yes,2,Graduate,360.0,1.0,Semiurban,Y,2.318063334962761,4.020734085411515
Yes,1,Not Graduate,360.0,1.0,Rural,N,2.1398790864012365,3.970904498153784
Yes,0,Not Graduate,300.0,1.0,Semiurban,Y,2.093421685162235,3.7240299729355977
Yes,2,Graduate,360.0,1.0,Rural,Y,2.385606273598312,3.8990540679981702
Yes,0,Graduate,360.0,1.0,Urban,Y,2.681241237375587,4.439332693830263
No,0,Graduate,360.0,1.0,Urban,N,1.9822712330395684,3.5542468081661105
Yes,0,Graduate,360.0,1.0,Urban,Y,2.27415784926368,3.7397305285647175
No,1,Graduate,360.0,1.0,Urban,Y,1.6020599913279625,4.12260902357599
No,0,Not Graduate,360.0,1.0,Rural,N,2.0,3.688864568054792
Yes,1,Graduate,360.0,1.0,Semiurban,Y,2.397940008672037,3.9068197154665456
Yes,2,Graduate,360.0,1.0,Urban,Y,2.170261715394957,3.725748332995548
Yes,0,Graduate,180.0,1.0,Semiurban,N,1.845098040014257,3.944285220688753
No,0,Graduate,360.0,1.0,Rural,N,2.492760389026837,3.976854146576219
Yes,3+,Graduate,360.0,1.0,Rural,Y,2.1760912590556813,3.838471279071929
Yes,2,Graduate,480.0,1.0,Semiurban,Y,2.0530784434834195,3.563836918664545
Yes,0,Not Graduate,360.0,0.0,Semiurban,N,2.089905111439398,3.6878855248487055
No,0,Graduate,360.0,1.0,Semiurban,N,2.2671717284030137,3.819412311209325
No,0,Not Graduate,360.0,1.0,Rural,N,1.977723605288848,3.531478917042255
Yes,2,Not Graduate,360.0,1.0,Semiurban,Y,1.6532125137753435,3.594834355583318
No,0,Graduate,360.0,1.0,Semiurban,Y,1.740362689494244,3.397940008672037
Yes,3+,Graduate,360.0,1.0,Rural,Y,2.0,3.8513195126487454
Yes,2,Graduate,360.0,1.0,Rural,Y,2.681241237375587,4.179379417881757
No,0,Graduate,360.0,1.0,Semiurban,N,2.1072099696478683,3.830396176483469
Yes,2,Graduate,360.0,1.0,Rural,Y,2.6020599913279625,4.243038048686294
Yes,0,Graduate,360.0,1.0,Semiurban,Y,2.041392685158225,3.576916955965207
Yes,1,Not Graduate,360.0,0.0,Semiurban,Y,2.206825876031849,3.8270460170047342
No,1,Not Graduate,360.0,1.0,Semiurban,Y,1.9731278535996983,3.599992177584098
No,0,Not Graduate,360.0,1.0,Semiurban,Y,2.113943352306837,3.831421817065022
Yes,0,Graduate,360.0,1.0,Rural,Y,2.3344537511509307,3.814580516010319
Yes,3+,Graduate,360.0,1.0,Urban,Y,2.0,3.631545227834309
No,2,Graduate,360.0,0.0,Rural,N,2.041392685158225,3.5548524343720547
No,1,Graduate,360.0,1.0,Semiurban,N,2.292256071356476,4.051152522447381
No,0,Not Graduate,360.0,1.0,Urban,Y,2.096910013008056,4.259235402198733
No,0,Not Graduate,360.0,1.0,Rural,Y,2.100370545117563,3.662001879389917
Yes,0,Graduate,360.0,1.0,Urban,Y,2.510545010206612,4.001690454232153
No,2,Graduate,360.0,1.0,Semiurban,Y,2.0293837776852097,3.55834850876162
Yes,0,Not Graduate,360.0,1.0,Rural,N,1.8195439355418688,3.5381965783494542
Yes,3+,Graduate,180.0,1.0,Rural,Y,2.1958996524092336,3.8073320392911914
Yes,1,Graduate,180.0,1.0,Semiurban,Y,2.146128035678238,3.8723311212302503
No,0,Graduate,360.0,0.0,Semiurban,N,1.99563519459755,3.330007700872759
No,1,Graduate,360.0,1.0,Semiurban,Y,1.977723605288848,3.562530768862261
Yes,1,Not Graduate,360.0,1.0,Urban,Y,2.1072099696478683,3.6778805815115914
Yes,0,Not Graduate,360.0,1.0,Semiurban,Y,2.008600171761917,3.5658478186735176
Yes,0,Graduate,360.0,1.0,Rural,Y,2.1903316981702914,3.6737579365495767
No,0,Not Graduate,36.0,1.0,Semiurban,N,1.9030899869919435,3.5260806918020298
No,0,Graduate,360.0,1.0,Rural,Y,2.161368002234975,3.634376494088368
No,0,Graduate,360.0,0.0,Semiurban,N,2.012837224705172,3.6989700043360183
Yes,0,Graduate,360.0,1.0,Rural,Y,2.041392685158225,3.681331705969166
Yes,2,Graduate,360.0,0.0,Rural,N,2.1072099696478683,3.821709997298377
Yes,1,Not Graduate,360.0,1.0,Rural,Y,2.1072099696478683,3.687261346243506
Yes,1,Graduate,360.0,1.0,Urban,Y,2.198657086954422,3.818423855092079
Yes,0,Not Graduate,360.0,0.0,Urban,N,2.257678574869185,3.6800634274819486
Yes,0,Graduate,180.0,0.0,Rural,N,2.12057393120585,3.895367288773362
Yes,1,Graduate,360.0,1.0,Semiurban,Y,1.414973347970818,3.812913356642856
No,0,Graduate,360.0,1.0,Urban,Y,1.9242792860618816,3.6326597132939136
Yes,3+,Graduate,360.0,1.0,Semiurban,Y,2.4149733479708178,4.005995123054691
Yes,0,Graduate,360.0,1.0,Semiurban,Y,2.2095150145426308,3.816638944898461
Yes,0,Graduate,360.0,1.0,Semiurban,Y,2.2600713879850747,3.811976944336954
Yes,2,Not Graduate,360.0,1.0,Semiurban,Y,2.03342375548695,3.592953571547866
Yes,1,Graduate,360.0,1.0,Semiurban,Y,2.7781512503836434,4.289678120899732
Yes,0,Graduate,360.0,1.0,Rural,Y,2.3242824552976926,3.9018395920512297
No,0,Not Graduate,360.0,1.0,Semiurban,Y,2.12057393120585,3.763427993562937
Yes,2,Graduate,360.0,0.0,Urban,N,2.41161970596323,3.944433317700215
Yes,0,Not Graduate,360.0,1.0,Rural,Y,2.0791812460476247,3.6500159524718394
No,0,Graduate,360.0,1.0,Urban,Y,1.845098040014257,3.52283531366053
Yes,3+,Graduate,360.0,0.0,Rural,N,2.089905111439398,3.770852011642144
No,0,Graduate,360.0,1.0,Urban,N,0.9542425094393248,3.376211850282673
Yes,0,Graduate,360.0,0.0,Urban,N,2.0170333392987803,3.718501688867274
Yes,1,Graduate,360.0,1.0,Urban,Y,2.2695129442179165,3.7132384615456617
Yes,0,Graduate,360.0,0.0,Urban,N,2.2174839442139063,3.8173670162875935
Yes,2,Graduate,360.0,1.0,Urban,Y,2.439332693830263,4.221831377489635
Yes,2,Not Graduate,480.0,1.0,Semiurban,N,2.271841606536499,3.88930170250631
Yes,3+,Graduate,360.0,1.0,Semiurban,N,2.1760912590556813,3.806586934327803
Yes,2,Graduate,84.0,1.0,Urban,Y,2.03342375548695,3.558708570533166
Yes,0,Graduate,360.0,0.0,Semiurban,N,2.133538908370217,3.7240299729355977
No,0,Graduate,360.0,1.0,Urban,Y,2.041392685158225,3.775828814464613
Yes,1,Graduate,360.0,1.0,Rural,Y,2.0293837776852097,3.6035773681514662
No,0,Graduate,360.0,1.0,Urban,Y,2.206825876031849,3.785258633357701
Yes,2,Graduate,360.0,1.0,Semiurban,Y,2.311753861055754,3.815577748324267
No,0,Graduate,360.0,1.0,Urban,N,1.954242509439325,4.552339633831198
Yes,0,Graduate,360.0,1.0,Semiurban,Y,1.5563025007672873,3.500510910526337
Yes,1,Graduate,360.0,1.0,Rural,N,1.7853298350107671,3.27415784926368
Yes,1,Graduate,360.0,0.0,Rural,N,2.164352855784437,3.6724673130680814
Yes,1,Graduate,84.0,1.0,Rural,N,2.2355284469075487,3.862310309954271
Yes,0,Graduate,360.0,1.0,Urban,Y,2.0170333392987803,3.581949658373318
No,0,Not Graduate,360.0,1.0,Semiurban,Y,1.845098040014257,3.3354579006893843
No,0,Graduate,360.0,1.0,Semiurban,Y,1.9731278535996983,3.6766936096248655
Yes,2,Graduate,360.0,0.0,Semiurban,N,2.0253058652647704,3.435525851498655
Yes,0,Graduate,180.0,1.0,Semiurban,Y,1.7481880270062005,3.807264355276107
Yes,2,Graduate,240.0,1.0,Semiurban,N,2.311753861055754,3.7781512503836434
No,3+,Graduate,360.0,1.0,Semiurban,Y,2.4653828514484184,3.9711366294768062
Yes,0,Graduate,180.0,1.0,Rural,Y,2.1522883443830563,3.854852362417834
Yes,0,Graduate,360.0,1.0,Urban,Y,2.4149733479708178,4.207365037469072
No,0,Not Graduate,360.0,1.0,Rural,Y,2.041392685158225,3.583538819254352
Yes,2,Not Graduate,360.0,1.0,Rural,N,2.271841606536499,3.868232868422465
No,0,Graduate,360.0,0.0,Semiurban,N,1.944482672150169,3.475235222604128
Yes,0,Graduate,360.0,1.0,Rural,Y,2.255272505103306,3.998390130318048
Yes,2,Graduate,360.0,1.0,Urban,Y,2.2833012287035497,3.761927838420529
No,3+,Graduate,180.0,1.0,Urban,N,2.544068044350276,4.624106692101121
Yes,0,Not Graduate,360.0,1.0,Rural,Y,2.1903316981702914,3.754806855354423
Yes,3+,Graduate,360.0,1.0,Urban,Y,2.1072099696478683,3.7561033715851058
No,0,Graduate,360.0,1.0,Rural,Y,2.2355284469075487,3.9018395920512297
Yes,1,Graduate,360.0,1.0,Semiurban,Y,2.6954816764901977,4.079181246047625
Yes,0,Not Graduate,180.0,1.0,Urban,N,2.1072099696478683,3.792391689498254
Yes,1,Graduate,360.0,1.0,Semiurban,Y,2.2380461031287955,3.770852011642144
Yes,2,Not Graduate,360.0,1.0,Rural,Y,2.1958996524092336,3.732232880220498
Yes,0,Graduate,360.0,1.0,Rural,Y,2.03342375548695,3.714497408649806
No,0,Graduate,360.0,1.0,Rural,Y,1.8512583487190752,3.462397997898956
Yes,3+,Graduate,180.0,1.0,Rural,Y,1.6020599913279625,3.613418945034573
Yes,1,Graduate,360.0,1.0,Urban,Y,2.403120521175818,3.919705534549121
Yes,2,Graduate,360.0,1.0,Urban,Y,2.271841606536499,3.8798410559865615
No,0,Graduate,360.0,0.0,Semiurban,N,2.123851640967086,3.6611498572447863
